diachibuudien,makh
79560,818
23919,819
54548,820
23466,821
57327,822
74486,823
58495,824
21785,825
07600,826
28820,827
07391,828
60603,829
77445,830
06180,831
62546,832
64053,833
70318,834
27578,835
05228,836
60822,837
50895,838
42362,839
30590,840
34037,841
09382,842
02578,843
77654,844
22606,845
17132,846
05187,847
22102,848
23052,849
00871,850
07049,851
88806,852
46766,853
58985,854
00558,855
84609,856
68108,857
73585,858
36544,859
11552,860
74865,861
51127,862
71572,863
61250,864
90321,865
67627,866
11429,867
72775,868
28690,869
67417,870
51348,871
90233,872
40407,873
21986,874
64927,875
81168,876
38368,877
53115,878
90529,879
87776,880
77259,881
30282,882
05631,883
61038,884
95053,885
27907,886
98468,887
44841,888
91173,889
82584,890
99921,891
34189,892
36531,893
69987,894
56351,895
66563,896
90499,897
37926,898
84478,899
63700,900
94827,901
16197,902
25877,903
76089,904
24556,905
93954,906
40615,907
14049,908
30242,909
51734,910
96517,911
08385,912
08506,913
78588,914
47000,915
91808,916
40717,917
12980,918
85400,919
47547,920
07890,921
23715,922
83534,923
63636,924
76283,925
21739,926
96265,927
67799,928
53072,929
91298,930
54799,931
77837,932
91769,933
11450,934
36088,935
49445,936
68695,937
05374,938
37342,939
70369,940
66411,941
02617,942
93778,943
62636,944
47392,945
03016,946
23947,947
37477,948
69632,949
36568,950
46438,951
84049,952
33065,953
27018,954
03909,955
84249,956
63545,957
32897,958
14928,959
66779,960
18392,961
87783,962
88508,963
52524,964
31857,965
89627,966
88006,967
13547,968
38420,969
99579,970
29199,971
30938,972
28577,973
14825,974
28904,975
61641,976
82766,977
52345,978
37809,979
11487,980
55776,981
37161,982
45828,983
76440,984
91697,985
41362,986
14621,987
19329,988
34422,989
37225,990
25741,991
11267,992
16088,993
69389,994
17477,995
75392,996
92566,997
30914,998
31517,999
55455,1000
02734,1001
13569,1002
38497,1003
02456,1004
78183,1005
67760,1006
80654,1007
68196,1008
06365,1009
70552,1013
31997,1015
87578,1019
79600,1020
40698,1024
08725,1026
27025,1028
71228,1031
44823,1034
02122,1037
57469,1039
68625,1042
57188,1043
22232,1046
13095,1047
17220,1050
74106,1053
24042,1056
64383,1058
02801,1059
31157,1061
18966,1062
69832,1063
60848,1064
75633,1066
02887,1067
72286,1068
37533,1069
41223,1071
16042,1076
59787,1078
29135,1079
99639,1081
91515,1084
29927,1085
07939,1086
60238,1087
65168,1089
43604,1093
11021,1095
76398,1096
40159,1097
61772,1098
45009,1100
68324,1104
71008,1105
04031,1106
61004,1107
22884,1109
18303,1111
73116,1112
32800,1115
02602,1116
66590,1119
89500,1120
40884,1123
13765,1125
07027,1126
08266,1127
94097,1128
88669,1130
54002,1133
66176,1136
63255,1140
45990,1141
98423,1142
