soluongtrongkho,thoigianluutru,version,mach,mamh
815,2021-09-07 09:11:09.590000,0,1,37
821,2020-12-27 02:00:13.741000,0,1,46
792,2022-03-09 11:44:40.019000,0,1,66
645,2021-05-24 16:00:52.764000,0,1,68
504,2022-04-23 07:46:08.473000,0,1,76
556,2022-08-16 21:43:19.892000,0,1,77
777,2022-10-22 00:42:56.267000,0,1,101
834,2022-03-14 08:45:25.313000,0,1,104
789,2020-08-16 03:00:38.582000,0,1,119
722,2023-10-10 01:33:23.257000,0,1,163
640,2024-01-15 22:14:09.874000,0,1,186
650,2020-05-04 20:20:25.027000,0,1,199
625,2024-11-18 11:29:39.095000,0,1,232
863,2020-02-01 13:06:01.919000,0,1,271
616,2023-03-04 20:35:12.108000,0,1,278
814,2024-11-24 13:42:31.096000,0,1,279
537,2021-01-30 22:40:01.748000,0,1,307
890,2021-11-10 16:26:50.943000,0,1,341
519,2022-05-18 03:23:35.118000,0,1,346
529,2022-03-29 21:43:49.990000,0,1,389
751,2022-03-02 13:00:41.376000,0,1,394
610,2020-12-06 03:02:45.322000,0,1,413
531,2024-06-09 05:21:22.576000,0,1,451
740,2021-06-15 17:49:55.937000,0,1,472
530,2020-04-13 08:27:56.263000,0,1,546
840,2024-02-02 07:06:15.529000,0,1,551
701,2024-11-10 11:51:32.697000,0,1,553
739,2023-11-01 10:25:21.498000,0,1,685
853,2023-07-31 19:23:29.247000,0,1,688
835,2021-03-11 08:50:18.668000,0,1,697
560,2022-05-23 21:21:46.675000,0,1,699
727,2021-02-07 06:52:14.017000,0,1,705
782,2020-08-19 10:23:09.529000,0,1,730
566,2022-03-22 12:47:35.193000,0,1,750
600,2022-04-26 02:46:08.138000,0,1,768
831,2023-09-05 20:56:32.723000,0,1,867
739,2023-10-28 01:39:06.624000,0,1,887
711,2024-09-25 01:19:07.867000,0,1,895
774,2023-03-23 17:28:24.608000,0,1,903
872,2023-08-27 05:36:07.763000,0,1,908
820,2024-09-09 21:53:03.123000,0,1,929
629,2020-04-10 15:31:32.586000,0,1,945
742,2022-07-09 20:16:02.413000,0,1,960
666,2024-12-17 09:35:49.391000,0,1,1014
571,2021-04-07 10:32:19.174000,0,1,1032
794,2023-09-26 17:26:11.867000,0,1,1047
741,2023-11-04 07:57:39.344000,0,1,1051
714,2024-10-11 07:46:01.555000,0,1,1064
624,2020-09-14 01:43:31.499000,0,1,1070
673,2023-08-03 10:41:59.610000,0,1,1071
549,2024-05-16 18:41:20.007000,0,1,1101
884,2021-03-12 15:35:39.239000,0,1,1110
538,2022-01-02 06:40:08.981000,0,1,1143
808,2021-04-20 19:49:10.031000,0,1,1162
590,2024-07-19 15:19:53.923000,0,1,1179
799,2024-07-29 14:25:33.117000,0,1,1206
732,2020-08-01 13:18:37.365000,0,1,1211
544,2022-02-01 04:09:27.109000,0,1,1241
732,2024-11-06 02:16:27.952000,0,1,1308
899,2020-06-12 14:50:19.001000,0,1,1311
732,2023-01-08 13:21:49.434000,0,1,1368
845,2024-01-16 10:33:49.983000,0,1,1404
830,2020-05-12 01:40:46.034000,0,1,1407
684,2020-10-10 09:10:04.367000,0,1,1410
863,2022-04-02 03:58:11.194000,0,1,1436
597,2020-07-02 16:29:39.788000,0,1,1507
756,2021-12-31 05:29:13.249000,0,1,1514
592,2020-01-25 01:09:46.026000,0,1,1523
621,2022-06-20 11:06:23.516000,0,1,1555
790,2024-04-01 07:23:32.110000,0,1,1580
810,2022-01-03 09:11:58.960000,0,1,1623
566,2023-12-27 21:34:06.514000,0,1,1626
796,2022-07-13 12:01:15.585000,0,1,1632
850,2024-02-22 06:58:08.291000,0,1,1642
623,2024-07-09 15:19:12.380000,0,1,1646
594,2020-07-16 18:49:44.333000,0,1,1665
846,2021-04-02 19:23:29.988000,0,1,1686
676,2020-08-04 18:23:25.662000,0,1,1721
872,2021-04-16 07:17:20.207000,0,1,1736
871,2021-10-26 10:18:27.862000,0,1,1743
705,2022-06-13 07:27:58.607000,0,1,1757
730,2024-11-12 14:03:12.942000,0,1,1781
777,2023-03-30 09:45:08.105000,0,1,1833
502,2021-07-26 04:27:11.439000,0,1,1865
858,2022-08-17 09:38:47.820000,0,1,1874
546,2023-11-27 12:28:02.011000,0,1,1884
546,2023-03-14 15:13:56.190000,0,1,1982
504,2020-11-14 12:55:22.403000,0,1,2001
645,2020-04-01 16:40:20.810000,0,1,2029
738,2020-09-09 03:01:59.947000,0,1,2033
793,2021-06-15 14:03:51.990000,0,1,2070
614,2021-11-13 05:47:36.093000,0,1,2105
593,2022-05-05 03:40:29.424000,0,1,2132
641,2020-06-08 18:34:05.544000,0,1,2167
883,2024-10-07 21:05:35.592000,0,1,2183
780,2023-05-29 07:56:29.774000,0,1,2185
652,2020-01-28 03:22:08.627000,0,1,2186
722,2020-11-08 08:10:04.033000,0,1,2214
885,2021-11-03 04:45:24.146000,0,1,2220
803,2022-05-24 11:29:27.553000,0,1,2269
795,2021-06-17 02:20:02.102000,0,1,2319
889,2020-02-29 21:43:20.371000,0,1,2402
898,2020-04-25 21:18:24.742000,0,1,2428
591,2024-10-25 14:17:49.380000,0,1,2436
820,2023-11-02 16:01:56.429000,0,1,2482
885,2020-04-15 06:18:07.706000,0,1,2500
523,2024-06-01 04:18:09.094000,0,2,1
701,2022-12-29 11:19:44.143000,0,2,6
620,2024-05-20 19:37:55.599000,0,2,22
571,2023-02-02 21:54:21.741000,0,2,32
634,2023-06-27 22:11:39.800000,0,2,43
691,2023-11-26 02:53:15.177000,0,2,93
715,2023-05-13 17:57:17.888000,0,2,97
618,2021-04-09 02:00:54.069000,0,2,123
699,2021-12-14 07:35:57.625000,0,2,127
891,2023-06-24 19:00:27.947000,0,2,128
793,2022-02-06 07:43:03.261000,0,2,138
881,2021-05-06 22:55:59.293000,0,2,142
689,2020-12-24 19:28:06.429000,0,2,145
734,2021-02-07 16:29:58.070000,0,2,157
612,2024-04-18 16:45:47.796000,0,2,161
695,2021-08-17 09:49:18.320000,0,2,178
570,2021-04-29 12:43:51.664000,0,2,206
532,2022-12-15 06:21:39.349000,0,2,207
564,2021-04-09 03:34:09.764000,0,2,209
828,2020-12-30 06:47:10.419000,0,2,213
837,2020-05-22 05:16:48.477000,0,2,219
732,2024-08-27 17:15:21.230000,0,2,229
784,2022-08-21 23:58:15.840000,0,2,238
556,2024-09-15 02:26:39.315000,0,2,266
763,2020-07-26 07:40:14.253000,0,2,273
575,2023-11-21 08:28:15.182000,0,2,342
792,2022-06-25 10:46:49.660000,0,2,367
682,2023-02-20 21:07:45.417000,0,2,398
697,2022-12-14 11:19:23.533000,0,2,399
850,2024-12-27 22:01:45.720000,0,2,414
760,2020-07-22 02:20:28.182000,0,2,452
784,2023-03-19 03:42:33.656000,0,2,463
721,2024-03-15 16:04:47.451000,0,2,500
516,2024-07-10 22:25:39.599000,0,2,516
798,2022-05-29 21:00:02.405000,0,2,521
710,2023-08-03 18:11:56.955000,0,2,533
770,2022-01-27 10:31:43.650000,0,2,547
593,2021-11-29 18:37:25.662000,0,2,562
581,2023-01-19 12:12:43.543000,0,2,567
895,2024-06-30 03:29:23.209000,0,2,581
636,2022-01-26 06:08:55.063000,0,2,597
828,2020-03-14 20:35:28.047000,0,2,603
558,2022-08-15 13:26:26.122000,0,2,606
853,2020-12-23 08:31:29.912000,0,2,612
662,2020-05-27 16:25:55.583000,0,2,632
716,2021-08-28 09:20:10.715000,0,2,635
700,2023-01-14 02:10:35.926000,0,2,639
889,2021-04-26 21:40:51.251000,0,2,643
616,2023-06-28 20:47:02.338000,0,2,697
742,2022-05-17 18:30:59.348000,0,2,704
863,2024-03-12 15:49:40.343000,0,2,726
535,2023-12-05 02:16:59.132000,0,2,763
666,2023-06-14 11:35:24.759000,0,2,770
665,2022-12-08 09:51:26.319000,0,2,784
573,2022-08-24 06:47:13.804000,0,2,804
522,2021-05-29 01:47:22.940000,0,2,811
821,2024-12-09 14:12:44.283000,0,2,831
701,2024-01-08 10:05:33.188000,0,2,832
872,2020-08-11 03:55:33.112000,0,2,845
644,2020-03-28 14:08:08.403000,0,2,893
565,2020-11-12 16:52:58.533000,0,2,905
869,2022-04-02 11:21:15.568000,0,2,907
865,2022-04-01 17:46:36.457000,0,2,1021
859,2024-08-20 16:05:58.887000,0,2,1025
690,2020-04-14 09:51:01.106000,0,2,1026
713,2020-02-03 21:38:11.720000,0,2,1072
887,2021-11-21 20:11:58.105000,0,2,1090
636,2024-02-21 22:43:24.480000,0,2,1092
562,2024-10-25 12:10:07.860000,0,2,1143
818,2020-07-21 23:20:32.504000,0,2,1169
561,2023-11-15 15:00:37.316000,0,2,1193
702,2020-06-18 16:16:05.578000,0,2,1198
592,2023-03-04 14:13:14.701000,0,2,1213
521,2024-04-26 05:29:58.601000,0,2,1218
504,2023-07-31 11:14:14.824000,0,2,1224
634,2020-06-27 00:37:58.750000,0,2,1229
517,2022-09-12 11:24:27.383000,0,2,1238
561,2020-09-14 16:35:51.693000,0,2,1258
623,2023-06-21 12:44:11.223000,0,2,1263
649,2023-02-22 10:20:22.808000,0,2,1289
724,2021-02-11 08:27:08.270000,0,2,1366
536,2024-02-29 16:15:00.421000,0,2,1369
873,2022-11-27 22:28:29.291000,0,2,1382
825,2023-06-04 08:06:28.326000,0,2,1403
531,2020-07-02 14:10:16.112000,0,2,1411
600,2024-05-13 18:58:34.507000,0,2,1418
583,2022-09-17 20:55:21.647000,0,2,1425
649,2024-03-27 15:38:31.147000,0,2,1452
530,2022-09-12 05:11:45.570000,0,2,1473
576,2023-09-22 04:32:01.870000,0,2,1477
598,2021-06-23 09:17:21.734000,0,2,1493
893,2021-06-02 21:16:01.671000,0,2,1505
686,2022-01-06 06:12:31.881000,0,2,1506
882,2020-01-17 01:02:18.034000,0,2,1519
861,2023-12-31 07:48:28.404000,0,2,1525
764,2023-10-08 06:04:38.997000,0,2,1543
762,2023-03-04 07:18:03.627000,0,2,1558
857,2020-01-04 19:05:02.783000,0,2,1570
621,2020-01-04 07:21:07.942000,0,2,1575
510,2023-12-15 05:27:26.579000,0,2,1576
536,2020-09-30 06:06:34.534000,0,2,1579
729,2022-10-30 09:02:10.459000,0,2,1630
725,2020-09-14 22:15:06.724000,0,2,1638
754,2021-03-21 17:03:00.379000,0,2,1643
579,2020-07-29 22:10:29.043000,0,2,1668
694,2021-08-06 21:04:18.515000,0,2,1748
550,2023-08-19 02:35:44.268000,0,2,1781
844,2023-10-10 15:44:22.871000,0,2,1783
526,2020-09-11 22:46:46.720000,0,2,1786
641,2022-12-07 10:17:29.414000,0,2,1813
606,2021-09-23 14:55:34.439000,0,2,1830
554,2023-12-02 06:00:49.215000,0,2,1852
894,2022-03-24 01:50:57.077000,0,2,1893
842,2020-08-31 18:56:34.936000,0,2,1902
520,2021-01-04 07:04:19.713000,0,2,1947
810,2020-03-18 17:17:21.478000,0,2,1949
541,2023-12-25 18:01:07.404000,0,2,1975
803,2020-08-23 02:55:02.849000,0,2,1982
723,2023-11-29 21:56:21.010000,0,2,1986
795,2020-11-01 18:52:04.874000,0,2,1996
832,2021-08-14 00:59:33.107000,0,2,2028
597,2021-07-17 02:45:33.329000,0,2,2036
536,2023-03-27 01:14:36.205000,0,2,2056
752,2023-11-29 19:07:26.785000,0,2,2098
581,2022-10-15 04:03:36.490000,0,2,2113
777,2021-10-23 04:09:27.303000,0,2,2128
813,2020-03-29 18:59:47.643000,0,2,2270
728,2023-05-02 17:41:24.152000,0,2,2357
843,2023-09-24 17:02:26.099000,0,2,2387
715,2021-12-07 04:59:44.331000,0,2,2388
633,2020-08-19 23:08:20.467000,0,2,2401
831,2023-09-12 09:36:12.215000,0,2,2405
816,2021-04-02 18:20:24.865000,0,2,2412
882,2023-01-23 23:50:04.861000,0,2,2435
618,2023-09-28 02:33:47.472000,0,3,34
686,2024-10-14 09:55:27.751000,0,3,43
719,2022-12-22 04:40:29.452000,0,3,57
819,2021-08-05 20:33:55.981000,0,3,81
531,2020-09-25 22:27:36.292000,0,3,113
606,2020-04-11 12:50:19.671000,0,3,145
539,2022-01-20 04:34:36.541000,0,3,147
814,2023-09-19 06:35:08.609000,0,3,150
507,2024-03-19 14:05:52.338000,0,3,166
631,2023-09-27 02:45:58.832000,0,3,188
797,2021-05-21 22:03:41.218000,0,3,199
802,2024-01-16 09:21:32.839000,0,3,220
853,2024-07-24 19:40:56.878000,0,3,224
833,2024-01-26 05:49:45.280000,0,3,233
842,2024-02-19 14:01:53.803000,0,3,263
870,2020-06-03 19:37:17.336000,0,3,264
549,2024-12-20 10:23:15.582000,0,3,306
556,2020-03-20 03:36:01.026000,0,3,324
508,2024-02-27 07:40:00.726000,0,3,338
750,2021-06-24 03:27:36.529000,0,3,346
524,2024-05-14 08:25:33.605000,0,3,389
606,2023-02-15 06:18:37.690000,0,3,446
593,2023-04-30 22:49:58.391000,0,3,452
854,2022-10-07 01:07:46.526000,0,3,492
570,2024-08-21 03:58:10.165000,0,3,506
835,2021-02-09 00:59:47.007000,0,3,515
815,2023-05-13 08:41:15.863000,0,3,526
728,2023-08-15 21:33:59.831000,0,3,543
600,2022-06-16 17:56:38.020000,0,3,553
723,2022-05-11 19:44:26.790000,0,3,572
732,2022-03-22 21:49:45.237000,0,3,602
777,2020-11-03 19:12:47.748000,0,3,619
509,2021-01-01 07:25:45.539000,0,3,623
550,2023-05-01 13:42:14.567000,0,3,647
719,2020-04-21 13:58:29.738000,0,3,662
503,2023-01-28 01:51:46.201000,0,3,679
586,2024-02-23 00:14:55.534000,0,3,692
501,2024-03-06 02:11:02.807000,0,3,739
608,2023-07-03 21:31:18.234000,0,3,760
762,2020-02-17 14:55:02.209000,0,3,779
608,2021-04-24 18:47:44.030000,0,3,815
520,2021-12-04 02:09:07.405000,0,3,817
682,2020-07-05 21:39:18.829000,0,3,821
604,2023-08-01 19:47:22.847000,0,3,826
832,2024-07-26 23:10:28.940000,0,3,842
817,2022-11-05 10:50:13.053000,0,3,872
881,2024-07-16 21:23:57.184000,0,3,896
700,2020-10-26 20:05:43.761000,0,3,899
812,2022-05-31 23:20:42.283000,0,3,927
833,2021-09-15 07:30:40.031000,0,3,954
550,2023-08-05 15:48:21.748000,0,3,963
871,2022-08-02 15:45:54.421000,0,3,1068
815,2020-05-26 09:33:10.956000,0,3,1083
639,2023-10-19 11:39:34.621000,0,3,1096
541,2024-08-07 14:06:33.330000,0,3,1109
851,2020-12-20 10:05:39.700000,0,3,1155
895,2023-01-09 07:21:24.530000,0,3,1197
695,2021-09-04 09:09:53.045000,0,3,1277
823,2021-12-06 21:23:24.847000,0,3,1295
640,2023-05-05 21:44:57.352000,0,3,1296
640,2021-03-22 23:56:57.934000,0,3,1300
678,2023-07-27 07:42:42.499000,0,3,1311
897,2024-12-28 00:36:34.323000,0,3,1337
852,2020-08-06 02:09:49.895000,0,3,1350
647,2021-12-20 06:09:31.300000,0,3,1403
628,2023-10-01 22:56:09.018000,0,3,1406
698,2022-08-22 22:22:28.966000,0,3,1416
754,2022-09-29 18:18:39.120000,0,3,1420
839,2023-09-07 21:23:14.639000,0,3,1427
521,2023-05-30 07:39:04.772000,0,3,1441
848,2022-06-22 13:23:52.189000,0,3,1457
777,2021-08-04 17:38:12.301000,0,3,1462
538,2022-01-27 09:29:26.340000,0,3,1470
756,2022-03-26 13:36:03.650000,0,3,1476
870,2020-10-19 23:00:36.866000,0,3,1479
635,2021-07-28 21:52:29.941000,0,3,1505
892,2021-10-16 09:13:46.158000,0,3,1534
535,2024-11-24 13:23:33.081000,0,3,1617
690,2021-07-01 11:36:08.286000,0,3,1637
656,2024-08-07 17:03:47.332000,0,3,1681
826,2022-07-25 02:40:15.955000,0,3,1694
842,2022-05-28 06:56:26.688000,0,3,1696
745,2023-06-13 09:37:04.796000,0,3,1697
863,2023-05-18 00:49:26.309000,0,3,1698
553,2021-04-06 05:53:52.331000,0,3,1717
884,2024-11-29 22:36:59.462000,0,3,1726
512,2022-10-28 14:29:46.676000,0,3,1747
648,2022-03-14 11:26:36.747000,0,3,1752
595,2024-03-31 04:07:13.546000,0,3,1763
504,2023-02-10 02:28:26.691000,0,3,1780
625,2020-05-14 06:10:48.678000,0,3,1792
568,2023-07-16 07:27:15.126000,0,3,1795
628,2022-09-23 00:50:11.963000,0,3,1815
803,2023-04-09 16:56:51.155000,0,3,1843
764,2024-09-04 22:58:50.162000,0,3,1854
633,2022-02-01 11:43:13.129000,0,3,1860
851,2023-01-27 05:30:03.645000,0,3,1870
757,2024-01-30 08:54:32.996000,0,3,1890
787,2022-11-16 11:31:03.783000,0,3,1904
594,2024-04-30 13:01:53.443000,0,3,1952
626,2022-09-20 20:12:23.015000,0,3,1974
864,2021-03-09 13:45:59.957000,0,3,1975
881,2021-12-28 02:46:04.153000,0,3,1990
739,2021-04-09 09:26:55.582000,0,3,1996
853,2023-04-07 12:33:48.645000,0,3,2005
849,2022-05-24 00:09:06.825000,0,3,2050
858,2024-12-18 22:42:35.582000,0,3,2082
639,2024-11-29 21:56:34.060000,0,3,2088
779,2021-05-29 18:02:35.170000,0,3,2122
727,2020-01-29 02:47:06.520000,0,3,2136
869,2022-07-23 06:37:35.738000,0,3,2162
671,2023-01-15 07:48:35.690000,0,3,2174
536,2020-07-03 00:19:32.942000,0,3,2189
890,2024-01-03 20:17:44.900000,0,3,2229
560,2023-04-21 09:28:20.591000,0,3,2245
687,2022-05-08 00:59:10.324000,0,3,2266
666,2020-10-15 00:03:09.979000,0,3,2283
793,2020-12-26 01:24:37.081000,0,3,2328
578,2021-06-28 00:41:31.424000,0,3,2331
749,2021-07-18 03:31:08.145000,0,3,2376
803,2022-12-25 23:24:51.427000,0,3,2400
862,2024-11-06 02:20:01.434000,0,3,2403
781,2024-10-19 23:00:45.693000,0,3,2415
522,2022-02-25 08:00:58.443000,0,3,2426
679,2021-11-12 19:55:57.047000,0,3,2447
623,2021-03-30 13:45:28.375000,0,3,2448
768,2023-11-04 09:09:48.657000,0,3,2498
732,2020-01-07 08:36:49.664000,0,4,1
713,2022-12-02 11:33:46.956000,0,4,48
893,2024-10-17 22:42:38.933000,0,4,60
573,2021-10-26 06:44:09.328000,0,4,69
514,2020-01-05 12:51:42.935000,0,4,71
897,2023-04-11 03:13:12.617000,0,4,96
656,2023-10-23 09:49:18.547000,0,4,100
668,2023-05-20 04:31:58.461000,0,4,101
500,2020-01-21 10:23:39.462000,0,4,120
809,2021-09-02 19:52:23.669000,0,4,142
771,2022-10-09 04:19:52.390000,0,4,154
886,2022-06-23 19:53:18.753000,0,4,161
773,2023-07-26 23:41:36.886000,0,4,170
542,2023-10-22 03:58:02.394000,0,4,201
547,2021-05-15 15:10:00.645000,0,4,202
708,2023-12-19 11:04:34.525000,0,4,209
628,2022-03-18 21:37:32.251000,0,4,214
678,2023-12-23 05:11:42.010000,0,4,226
533,2021-08-15 10:11:31.361000,0,4,233
602,2021-02-12 18:30:39.211000,0,4,246
748,2023-05-29 08:37:30.268000,0,4,247
524,2021-04-14 07:15:42.600000,0,4,267
860,2024-02-25 10:39:46.379000,0,4,270
634,2024-09-06 23:21:02.838000,0,4,339
773,2024-06-06 20:20:13.920000,0,4,353
790,2021-07-26 17:49:39.014000,0,4,357
824,2020-04-13 21:55:58.201000,0,4,378
637,2022-09-02 07:53:49.648000,0,4,389
684,2021-01-14 15:36:00.624000,0,4,395
847,2021-02-09 19:16:41.045000,0,4,398
894,2024-02-26 04:02:07.145000,0,4,402
522,2021-03-27 14:51:12.675000,0,4,422
520,2022-04-08 05:00:30.106000,0,4,427
734,2022-07-12 22:01:21.493000,0,4,444
507,2021-12-04 13:09:11.625000,0,4,465
588,2021-08-18 04:30:58.491000,0,4,472
575,2021-03-09 03:46:53.734000,0,4,474
545,2024-11-05 13:41:29.606000,0,4,503
613,2022-01-01 03:21:39.100000,0,4,511
767,2023-03-19 21:47:20.472000,0,4,512
888,2022-06-11 13:07:33.018000,0,4,542
752,2022-01-08 22:37:19.456000,0,4,554
654,2024-04-16 01:28:50.233000,0,4,562
765,2022-01-20 12:35:38.433000,0,4,569
874,2022-05-20 18:39:15.421000,0,4,572
567,2024-11-23 20:10:27.942000,0,4,576
774,2024-01-06 12:46:32.746000,0,4,585
550,2024-09-30 05:47:57.347000,0,4,593
584,2021-04-16 11:44:52.915000,0,4,604
507,2020-09-26 06:18:20.370000,0,4,619
769,2023-06-28 18:50:02.868000,0,4,640
687,2022-01-08 04:03:31.645000,0,4,641
681,2022-01-26 03:40:34.482000,0,4,644
659,2022-02-19 08:55:18.955000,0,4,667
804,2023-03-09 15:38:43.483000,0,4,670
848,2024-09-19 06:46:26.456000,0,4,701
839,2020-07-16 03:15:36.255000,0,4,723
814,2022-01-21 22:50:45.382000,0,4,724
867,2021-08-11 11:32:03.861000,0,4,731
777,2022-01-13 10:22:50.049000,0,4,750
723,2022-06-24 15:47:20.952000,0,4,791
891,2023-05-25 03:30:44.671000,0,4,796
772,2022-04-30 09:25:52.345000,0,4,837
754,2021-12-11 08:22:39.396000,0,4,869
673,2024-08-14 11:54:09.342000,0,4,875
560,2020-08-29 05:53:37.602000,0,4,876
541,2020-05-08 10:57:08.998000,0,4,903
603,2023-06-08 17:09:48.026000,0,4,904
752,2020-01-29 18:59:18.697000,0,4,912
849,2020-02-06 06:49:27.767000,0,4,915
738,2020-04-17 17:04:03.676000,0,4,916
613,2024-10-24 10:59:04.426000,0,4,928
896,2023-01-20 04:02:35.600000,0,4,936
717,2021-09-11 17:15:22.360000,0,4,942
576,2023-11-22 19:44:29.822000,0,4,981
784,2022-05-18 16:40:49.586000,0,4,986
718,2020-02-22 18:39:36.323000,0,4,1014
849,2023-05-26 16:35:23.947000,0,4,1038
791,2022-11-20 08:10:49.233000,0,4,1045
858,2024-11-28 20:46:24.926000,0,4,1055
715,2022-10-16 07:16:39.737000,0,4,1058
695,2023-07-30 17:32:21.418000,0,4,1060
844,2022-09-19 09:30:02.606000,0,4,1109
806,2022-06-23 11:30:44.286000,0,4,1120
558,2022-06-04 11:25:56.026000,0,4,1126
560,2024-11-16 16:31:48.293000,0,4,1138
803,2024-10-05 13:35:13.061000,0,4,1173
743,2024-07-23 01:51:35.512000,0,4,1226
513,2023-12-01 10:06:42.904000,0,4,1246
680,2024-09-22 17:50:27.830000,0,4,1249
732,2022-04-07 03:18:31.962000,0,4,1263
622,2023-02-10 21:16:01.131000,0,4,1271
799,2021-03-26 11:42:39.891000,0,4,1286
608,2021-07-08 11:30:29.183000,0,4,1321
841,2020-05-12 00:55:15.442000,0,4,1367
783,2023-05-23 16:49:57.400000,0,4,1380
557,2020-07-03 00:32:36.730000,0,4,1382
664,2021-12-26 00:52:11.035000,0,4,1392
598,2022-04-18 12:30:19.849000,0,4,1396
520,2020-09-18 11:22:33.044000,0,4,1421
719,2023-11-12 02:29:22.509000,0,4,1425
798,2024-12-29 01:16:37.791000,0,4,1442
757,2020-12-25 06:24:53.805000,0,4,1449
832,2023-04-01 09:37:01.010000,0,4,1470
646,2022-11-05 19:47:29.409000,0,4,1471
849,2020-03-09 14:22:12.768000,0,4,1503
626,2022-03-10 12:29:57.660000,0,4,1518
654,2022-11-17 20:26:02.575000,0,4,1532
512,2024-09-29 11:57:02.659000,0,4,1551
776,2022-10-12 00:01:45.704000,0,4,1585
784,2023-10-09 03:02:42.092000,0,4,1591
677,2024-11-23 05:24:25.847000,0,4,1633
785,2024-08-10 03:53:30.103000,0,4,1646
701,2023-08-22 15:34:12.445000,0,4,1668
785,2022-04-24 09:58:45.688000,0,4,1671
649,2022-03-02 02:14:38.594000,0,4,1694
721,2020-07-16 18:20:06.350000,0,4,1695
547,2022-05-11 11:06:11.906000,0,4,1715
860,2024-06-30 19:02:30.300000,0,4,1740
814,2020-05-13 22:05:55.518000,0,4,1747
824,2021-01-14 03:35:48.555000,0,4,1753
878,2024-01-25 16:29:22.133000,0,4,1761
626,2023-12-09 22:24:36.294000,0,4,1762
568,2021-03-31 01:29:41.282000,0,4,1763
695,2020-01-09 23:38:37.485000,0,4,1777
591,2020-09-14 20:23:55.859000,0,4,1779
738,2021-02-27 21:11:40.476000,0,4,1810
703,2023-07-01 20:25:00.287000,0,4,1814
849,2024-02-24 04:41:42.922000,0,4,1824
509,2020-09-16 00:56:46.846000,0,4,1830
876,2021-02-24 15:49:53.244000,0,4,1854
733,2022-08-30 20:59:03.606000,0,4,1868
695,2021-03-13 14:10:00.817000,0,4,1887
639,2023-01-02 12:57:03.989000,0,4,1889
846,2023-03-31 11:08:02.286000,0,4,1896
786,2021-02-07 21:29:07.710000,0,4,1907
589,2020-04-05 22:53:59.407000,0,4,1931
509,2023-08-14 04:27:58.123000,0,4,1954
643,2022-11-09 15:57:59.863000,0,4,1959
624,2020-11-24 22:51:48.843000,0,4,1962
518,2021-12-17 07:33:07.575000,0,4,1969
713,2024-01-13 05:14:53.012000,0,4,1997
762,2021-11-22 11:29:08.680000,0,4,2016
610,2024-09-13 00:07:06.664000,0,4,2023
738,2023-04-01 09:33:20.614000,0,4,2056
641,2024-02-14 23:21:27.849000,0,4,2074
620,2022-02-14 03:51:30.508000,0,4,2076
843,2021-09-21 04:30:54.263000,0,4,2083
611,2022-10-24 02:08:34.159000,0,4,2100
880,2021-06-12 16:28:05.710000,0,4,2133
678,2024-05-09 15:13:52.419000,0,4,2151
844,2020-03-18 11:23:21.057000,0,4,2157
896,2021-06-01 03:34:21.831000,0,4,2158
756,2024-02-01 14:52:10.416000,0,4,2167
750,2020-08-27 14:49:17.323000,0,4,2187
869,2021-08-24 10:54:54.025000,0,4,2206
555,2023-01-08 20:49:56.667000,0,4,2224
507,2022-03-03 12:05:56.841000,0,4,2237
681,2024-03-06 22:07:21.602000,0,4,2244
704,2021-02-26 09:28:37.533000,0,4,2252
602,2024-03-25 16:54:04.910000,0,4,2266
603,2021-11-08 00:18:35.421000,0,4,2291
813,2021-04-28 10:23:26.686000,0,4,2300
894,2020-09-13 10:20:29.698000,0,4,2313
535,2022-01-31 16:45:44.649000,0,4,2321
542,2024-03-11 20:14:50.448000,0,4,2339
777,2021-01-24 22:58:35.182000,0,4,2350
687,2024-11-30 21:57:03.886000,0,4,2353
568,2020-12-24 05:36:17.001000,0,4,2361
568,2020-03-04 12:59:38.118000,0,4,2362
630,2022-08-06 10:35:07.298000,0,4,2366
560,2020-08-23 08:11:00.953000,0,4,2368
590,2021-05-04 00:39:28.618000,0,4,2382
504,2021-04-08 17:17:22.287000,0,4,2403
537,2022-11-24 07:01:05.805000,0,4,2409
515,2023-11-16 18:44:49.813000,0,4,2422
523,2022-07-30 09:57:30.464000,0,4,2424
637,2023-05-21 12:26:21.553000,0,4,2427
780,2022-08-21 18:53:40.080000,0,4,2443
580,2023-02-23 15:21:59.053000,0,4,2459
778,2024-03-25 18:41:13.424000,0,4,2473
770,2022-01-05 02:33:50.685000,0,4,2484
666,2023-01-21 02:58:39.962000,0,4,2490
547,2021-12-28 00:23:36.746000,0,5,6
774,2024-06-20 20:44:38.989000,0,5,26
716,2022-03-19 00:06:43.918000,0,5,36
728,2024-10-18 09:17:37.385000,0,5,62
571,2022-07-24 15:06:20.031000,0,5,64
819,2022-01-13 11:37:17.395000,0,5,65
541,2020-09-28 04:17:00.707000,0,5,68
801,2020-02-06 10:18:22.458000,0,5,87
822,2020-10-23 05:02:28.246000,0,5,98
678,2022-12-03 16:55:32.268000,0,5,125
580,2024-01-09 17:55:05.385000,0,5,139
567,2020-07-31 23:15:48.031000,0,5,142
690,2023-06-23 08:01:00.990000,0,5,145
761,2020-07-27 12:18:33.856000,0,5,155
652,2022-12-16 21:45:32.410000,0,5,192
609,2022-08-05 20:42:16.010000,0,5,213
888,2023-03-17 23:20:03.013000,0,5,216
625,2022-12-08 16:06:51.580000,0,5,226
831,2021-01-11 21:59:37.404000,0,5,229
719,2022-02-07 19:50:48.273000,0,5,262
510,2024-09-21 17:36:19.017000,0,5,270
890,2023-02-04 00:30:24.203000,0,5,276
831,2022-11-29 19:40:00.537000,0,5,291
803,2024-01-18 03:18:16.149000,0,5,313
813,2022-12-29 09:55:15.635000,0,5,345
646,2021-11-30 05:28:43.431000,0,5,372
842,2021-03-19 02:08:12.507000,0,5,375
567,2023-06-24 23:10:32.613000,0,5,399
757,2021-11-03 22:18:31.346000,0,5,401
696,2023-08-21 13:28:26.551000,0,5,404
854,2020-12-02 16:50:11.332000,0,5,430
524,2022-08-21 07:15:54.548000,0,5,454
762,2022-09-29 15:09:40.706000,0,5,458
506,2024-02-18 04:59:14.381000,0,5,464
891,2024-07-26 20:58:20.583000,0,5,483
636,2023-06-17 10:14:16.538000,0,5,522
596,2023-06-08 05:20:41.510000,0,5,525
704,2024-03-14 04:22:30.697000,0,5,560
618,2021-04-03 19:44:06.562000,0,5,566
707,2024-05-12 22:49:24.148000,0,5,601
813,2020-10-06 08:52:09.186000,0,5,623
562,2023-02-06 10:51:14.057000,0,5,647
774,2024-02-12 18:42:45.372000,0,5,650
694,2022-11-23 04:41:35.723000,0,5,665
612,2023-08-11 16:14:36.809000,0,5,684
886,2022-04-27 05:16:01.277000,0,5,689
838,2020-08-25 07:36:38.723000,0,5,690
739,2023-10-23 06:40:26.503000,0,5,691
540,2022-05-31 23:12:18.091000,0,5,704
792,2020-05-19 09:09:08.695000,0,5,728
790,2021-07-09 06:35:58.561000,0,5,753
515,2022-12-26 04:05:19.380000,0,5,768
590,2021-01-07 20:14:33.639000,0,5,784
624,2023-06-19 09:39:36.806000,0,5,788
557,2020-05-09 16:30:13.933000,0,5,790
809,2021-08-30 09:19:53.846000,0,5,804
708,2022-12-26 01:28:29.892000,0,5,811
884,2021-07-07 21:46:55.155000,0,5,849
734,2024-06-13 17:47:37.284000,0,5,889
791,2022-07-21 09:05:55.176000,0,5,895
615,2020-04-30 14:46:55.026000,0,5,914
742,2022-03-09 07:41:45.052000,0,5,954
668,2021-09-12 11:29:32.206000,0,5,974
606,2022-11-28 23:05:38.631000,0,5,976
536,2023-03-18 04:26:35.588000,0,5,985
763,2023-01-30 17:44:16.707000,0,5,990
508,2024-04-07 05:58:27.038000,0,5,997
579,2024-04-05 02:26:00.206000,0,5,1013
537,2022-12-25 11:03:22.934000,0,5,1016
748,2023-10-16 04:14:05.213000,0,5,1028
670,2020-08-04 10:48:18.901000,0,5,1037
708,2022-07-25 06:23:56.498000,0,5,1053
811,2022-05-11 08:54:30.991000,0,5,1065
506,2024-03-12 14:18:08.662000,0,5,1069
707,2023-10-10 09:43:23.982000,0,5,1070
719,2024-01-01 07:57:58.511000,0,5,1074
841,2023-08-05 23:20:55.617000,0,5,1080
724,2023-05-12 01:52:57.177000,0,5,1101
727,2022-01-28 13:25:56.886000,0,5,1102
595,2023-09-15 06:36:13.231000,0,5,1111
813,2024-02-07 22:18:59.486000,0,5,1165
601,2022-12-13 16:11:13.874000,0,5,1183
707,2024-08-19 08:25:48.427000,0,5,1233
640,2024-08-06 06:45:19.016000,0,5,1237
886,2023-06-01 06:17:17.337000,0,5,1258
808,2024-03-24 10:40:43.289000,0,5,1300
549,2023-06-18 05:35:30.611000,0,5,1301
728,2024-10-28 13:27:34.551000,0,5,1304
504,2020-11-16 02:03:17.559000,0,5,1355
708,2022-06-09 22:23:40.048000,0,5,1359
648,2024-08-10 14:17:29.485000,0,5,1397
655,2022-12-07 15:50:21.816000,0,5,1418
686,2023-04-01 18:57:03.876000,0,5,1425
564,2024-08-10 22:26:21.191000,0,5,1443
521,2023-02-12 15:03:26.271000,0,5,1446
718,2021-08-18 10:53:08.541000,0,5,1475
771,2022-04-16 17:47:00.437000,0,5,1489
761,2022-08-31 04:54:59.007000,0,5,1490
538,2022-07-11 02:15:57.935000,0,5,1511
688,2020-03-24 17:18:22.054000,0,5,1529
549,2024-01-13 15:43:35.269000,0,5,1558
781,2024-03-22 18:37:27.970000,0,5,1579
595,2024-06-23 06:17:50.686000,0,5,1680
817,2023-07-07 15:26:18.939000,0,5,1701
646,2021-12-06 17:39:35.645000,0,5,1702
702,2023-08-27 01:52:24.093000,0,5,1721
584,2024-05-19 12:08:05.530000,0,5,1808
835,2023-05-08 12:16:42.138000,0,5,1835
856,2023-05-21 19:31:47.235000,0,5,1844
871,2024-03-01 20:15:32.746000,0,5,1854
811,2020-11-17 00:59:52.165000,0,5,1899
580,2021-12-11 08:28:55.000000,0,5,1901
655,2020-10-14 07:51:34.488000,0,5,1903
654,2024-01-24 11:51:21.832000,0,5,1912
600,2024-10-09 08:31:46.174000,0,5,1917
695,2023-11-23 16:56:54.539000,0,5,1975
744,2020-01-02 14:28:09.138000,0,5,2038
625,2022-01-19 21:10:55.796000,0,5,2077
592,2021-09-06 22:59:23.273000,0,5,2087
798,2020-06-03 05:35:24.721000,0,5,2098
668,2024-01-04 06:43:22.965000,0,5,2135
584,2020-06-04 12:24:08.325000,0,5,2136
528,2021-03-07 02:42:54.709000,0,5,2146
671,2021-10-12 14:48:07.496000,0,5,2162
801,2024-02-25 10:29:50.613000,0,5,2180
732,2023-09-25 12:54:10.340000,0,5,2185
720,2022-07-03 16:40:54.324000,0,5,2190
750,2020-04-08 03:01:21.860000,0,5,2237
753,2021-04-02 04:41:27.931000,0,5,2239
892,2020-06-22 13:28:17.250000,0,5,2273
804,2021-02-13 18:02:30.416000,0,5,2287
835,2024-12-13 05:25:30.621000,0,5,2325
543,2024-02-04 23:49:09.959000,0,5,2330
539,2024-07-23 16:57:07.266000,0,5,2332
861,2023-02-18 07:17:49.635000,0,5,2346
840,2020-03-09 15:18:47.134000,0,5,2374
522,2021-10-16 12:30:26.687000,0,5,2399
748,2020-04-28 08:41:55.158000,0,5,2426
712,2024-11-14 12:38:29.017000,0,5,2432
891,2021-04-01 22:28:06.699000,0,5,2434
536,2023-09-24 12:57:41.097000,0,5,2464
646,2020-01-07 10:39:21.411000,0,5,2482
551,2024-06-02 01:18:34.168000,0,6,12
746,2022-01-06 04:51:07.092000,0,6,20
732,2023-08-20 06:11:26.498000,0,6,31
573,2022-05-25 04:16:16.092000,0,6,42
516,2021-04-18 23:47:22.452000,0,6,55
502,2023-04-16 01:37:03.083000,0,6,56
696,2024-07-16 11:45:39.936000,0,6,87
755,2021-12-25 03:30:51.468000,0,6,91
618,2020-01-14 21:13:32.549000,0,6,112
614,2024-03-05 10:56:05.244000,0,6,115
654,2023-10-02 09:16:09.415000,0,6,141
896,2023-01-31 11:53:40.471000,0,6,213
887,2024-04-13 04:04:18.767000,0,6,243
545,2021-06-09 01:16:12.771000,0,6,271
713,2021-01-09 09:45:36.988000,0,6,275
511,2021-05-24 21:17:58.833000,0,6,287
890,2023-02-14 10:11:53.102000,0,6,288
795,2021-03-27 21:48:05.566000,0,6,311
621,2022-01-26 03:17:59.109000,0,6,317
854,2020-04-04 18:52:54.499000,0,6,334
521,2020-09-25 09:10:39.720000,0,6,344
509,2024-07-13 09:02:33.672000,0,6,388
744,2022-12-14 03:50:09.708000,0,6,399
577,2024-08-12 03:43:40.055000,0,6,406
856,2023-12-03 09:57:58.086000,0,6,421
893,2023-05-28 23:01:13.487000,0,6,479
684,2024-04-18 09:56:24.198000,0,6,523
840,2021-11-25 17:48:33.544000,0,6,547
625,2024-05-16 20:41:06.336000,0,6,551
610,2023-11-29 11:34:10.307000,0,6,580
855,2023-02-20 16:23:30.395000,0,6,596
809,2021-12-05 14:42:38.146000,0,6,605
799,2024-09-10 07:37:04.568000,0,6,615
781,2022-09-02 08:24:02.953000,0,6,616
715,2023-03-04 16:41:01.585000,0,6,638
606,2024-10-08 20:01:32.203000,0,6,657
697,2021-12-10 12:33:44.557000,0,6,704
506,2022-10-27 23:58:52.820000,0,6,706
896,2022-02-14 19:42:52.244000,0,6,709
870,2022-03-28 04:49:41.407000,0,6,725
769,2020-11-03 16:22:03.739000,0,6,756
752,2023-07-14 14:18:19.382000,0,6,797
697,2024-11-19 08:04:47.903000,0,6,817
655,2023-07-28 03:15:55.250000,0,6,824
651,2022-04-30 11:09:34.370000,0,6,838
677,2021-09-09 00:25:54.257000,0,6,863
538,2021-11-08 22:02:32.814000,0,6,870
840,2023-07-06 13:45:37.711000,0,6,876
817,2023-11-09 01:51:04.315000,0,6,879
701,2020-11-05 02:56:15.507000,0,6,932
561,2022-08-24 09:45:52.168000,0,6,945
511,2022-08-19 22:43:53.914000,0,6,972
557,2021-02-09 18:56:15.097000,0,6,1018
716,2024-09-11 01:29:51.014000,0,6,1021
839,2021-03-11 21:50:54.761000,0,6,1079
628,2024-11-11 23:30:30.862000,0,6,1080
676,2021-09-26 02:15:42.367000,0,6,1089
883,2020-11-28 00:03:23.529000,0,6,1108
854,2024-07-06 10:28:22.244000,0,6,1110
644,2023-11-09 22:54:42.990000,0,6,1128
786,2023-07-12 16:12:53.399000,0,6,1148
543,2024-12-12 14:28:58.756000,0,6,1154
836,2021-03-07 05:06:19.728000,0,6,1159
800,2020-08-08 16:39:16.241000,0,6,1178
570,2021-11-11 01:13:06.069000,0,6,1188
718,2024-05-20 01:28:00.254000,0,6,1199
867,2021-07-23 04:12:45.053000,0,6,1210
526,2024-04-09 04:43:22.374000,0,6,1225
785,2020-04-24 23:57:02.498000,0,6,1229
807,2020-06-25 11:16:04.493000,0,6,1231
892,2024-06-09 22:19:00.349000,0,6,1235
870,2022-06-09 10:56:42.208000,0,6,1241
771,2024-04-08 06:29:59.300000,0,6,1255
885,2020-10-14 14:38:54.325000,0,6,1262
731,2021-11-08 04:46:51.155000,0,6,1265
783,2020-03-24 12:44:00.532000,0,6,1266
669,2024-09-25 07:10:34.483000,0,6,1363
774,2020-07-05 03:07:38.210000,0,6,1378
715,2024-01-22 20:57:56.479000,0,6,1415
834,2024-07-10 08:40:24.595000,0,6,1438
705,2020-11-24 05:42:47.870000,0,6,1459
782,2024-09-26 10:04:04.289000,0,6,1462
573,2023-04-05 11:58:28.441000,0,6,1499
552,2023-04-29 12:29:11.048000,0,6,1505
599,2020-12-08 12:19:49.771000,0,6,1507
568,2023-12-16 17:25:29.173000,0,6,1526
815,2023-05-30 13:25:14.834000,0,6,1551
772,2022-10-05 15:39:19.257000,0,6,1583
552,2021-08-04 03:31:29.920000,0,6,1590
569,2020-11-27 18:43:11.265000,0,6,1591
789,2024-10-04 16:27:26.571000,0,6,1597
822,2022-05-24 13:25:47.625000,0,6,1623
584,2023-07-31 13:02:48.920000,0,6,1676
665,2023-09-22 08:38:44.580000,0,6,1680
578,2022-04-21 05:38:04.877000,0,6,1702
807,2021-08-12 07:51:04.421000,0,6,1710
719,2023-04-24 20:44:57.248000,0,6,1722
695,2022-04-14 06:58:46.347000,0,6,1724
569,2022-12-31 01:18:52.362000,0,6,1745
572,2020-12-08 00:59:28.826000,0,6,1772
702,2024-09-13 00:35:06.731000,0,6,1776
769,2020-08-12 11:19:15.622000,0,6,1798
623,2024-11-22 06:41:25.787000,0,6,1801
747,2023-02-09 23:33:18.312000,0,6,1805
707,2021-07-07 01:23:36.619000,0,6,1806
667,2020-07-13 20:47:08.942000,0,6,1812
625,2022-01-30 03:38:24.297000,0,6,1826
559,2021-09-26 01:59:05.072000,0,6,1862
614,2024-03-18 10:15:45.157000,0,6,1938
543,2022-05-13 04:29:32.606000,0,6,2008
529,2021-07-17 19:55:35.197000,0,6,2009
720,2022-02-03 12:06:51.798000,0,6,2039
613,2022-09-16 19:18:58.522000,0,6,2047
636,2022-12-25 17:22:26.343000,0,6,2049
840,2021-04-03 07:41:08.637000,0,6,2075
865,2021-11-09 15:58:10.531000,0,6,2080
619,2024-12-27 02:43:09.908000,0,6,2082
898,2023-06-06 09:48:51.267000,0,6,2096
586,2021-12-19 09:11:12.808000,0,6,2100
510,2023-10-30 01:26:31.415000,0,6,2110
529,2023-08-01 14:15:27.534000,0,6,2112
680,2024-06-23 13:17:17.835000,0,6,2126
703,2021-09-02 13:46:00.579000,0,6,2134
739,2024-01-29 09:24:55.545000,0,6,2145
874,2020-12-03 20:17:46.297000,0,6,2164
679,2023-06-12 19:45:53.861000,0,6,2166
526,2023-07-18 18:57:33.009000,0,6,2206
527,2021-09-23 08:59:17.135000,0,6,2227
800,2020-05-09 05:21:42.749000,0,6,2249
548,2024-08-20 04:34:47.031000,0,6,2271
573,2022-11-19 20:51:32.461000,0,6,2290
534,2023-02-20 17:17:33.454000,0,6,2315
731,2024-05-22 21:48:32.460000,0,6,2317
699,2021-10-05 21:15:44.962000,0,6,2341
776,2021-08-08 15:31:20.505000,0,6,2342
567,2020-10-22 23:54:49.304000,0,6,2346
572,2024-02-07 22:15:50.925000,0,6,2352
729,2023-03-26 22:57:32.009000,0,6,2356
876,2022-12-30 05:50:58.333000,0,6,2371
830,2023-07-05 05:08:45.479000,0,6,2428
566,2023-07-23 22:44:54.688000,0,6,2442
845,2021-10-03 01:06:11.955000,0,6,2445
871,2024-04-21 17:17:00.450000,0,6,2448
546,2024-07-31 17:37:28.022000,0,6,2456
502,2020-05-25 04:38:18.892000,0,7,8
656,2020-01-04 16:20:09.727000,0,7,23
740,2024-02-12 07:57:12.650000,0,7,95
608,2023-05-14 03:19:07.071000,0,7,103
647,2022-06-21 03:49:36.325000,0,7,105
513,2021-01-26 03:23:40.079000,0,7,119
646,2020-10-26 04:07:39.363000,0,7,186
579,2024-09-24 21:00:41.083000,0,7,190
704,2024-11-02 17:09:21.894000,0,7,248
557,2023-05-16 18:10:05.244000,0,7,251
605,2021-12-28 17:59:45.307000,0,7,301
609,2021-05-19 16:14:55.020000,0,7,353
786,2022-03-08 05:49:14.004000,0,7,354
773,2022-01-24 15:47:41.844000,0,7,360
864,2022-08-20 12:17:07.671000,0,7,361
644,2020-08-26 07:39:40.751000,0,7,395
598,2020-09-06 17:53:41.248000,0,7,398
577,2020-07-14 13:49:06.360000,0,7,409
635,2024-09-20 09:49:04.753000,0,7,474
584,2020-02-07 09:08:52.399000,0,7,478
578,2021-04-05 22:30:29.572000,0,7,494
543,2022-09-07 16:50:25.478000,0,7,526
553,2024-04-24 02:19:31.581000,0,7,532
709,2023-09-22 18:51:55.493000,0,7,557
635,2023-10-05 22:30:07.352000,0,7,563
623,2024-12-01 02:52:45.888000,0,7,567
809,2022-12-09 07:55:29.979000,0,7,625
610,2021-09-02 12:52:01.640000,0,7,718
728,2024-09-24 11:38:36.885000,0,7,719
742,2022-02-24 20:20:43.242000,0,7,761
805,2023-10-11 13:07:07.343000,0,7,800
867,2020-03-31 09:43:09.074000,0,7,802
764,2023-04-26 09:11:50.350000,0,7,846
880,2021-06-22 08:57:21.278000,0,7,862
779,2021-11-09 00:34:07.404000,0,7,863
660,2020-08-01 00:26:51.310000,0,7,871
863,2022-11-14 19:38:17.465000,0,7,955
764,2020-10-27 02:07:36.423000,0,7,964
733,2023-09-21 01:20:46.732000,0,7,991
762,2020-12-04 20:16:51.273000,0,7,1014
796,2021-02-02 13:24:27.888000,0,7,1034
818,2020-10-07 03:05:11.932000,0,7,1037
580,2020-11-29 23:14:33.616000,0,7,1041
567,2020-07-12 15:58:11.201000,0,7,1043
537,2022-10-08 03:02:33.031000,0,7,1077
798,2022-03-26 10:53:50.003000,0,7,1087
730,2020-02-26 22:28:46.621000,0,7,1094
749,2022-11-27 06:51:17.449000,0,7,1177
702,2024-03-06 14:59:04.072000,0,7,1198
716,2020-02-28 13:58:51.890000,0,7,1260
601,2022-11-08 12:32:59.392000,0,7,1296
871,2020-07-18 09:24:41.449000,0,7,1363
568,2024-04-26 22:18:29.725000,0,7,1377
889,2021-06-02 12:12:39.255000,0,7,1428
789,2024-04-13 22:37:56.687000,0,7,1436
579,2023-06-25 12:44:13.230000,0,7,1449
746,2024-08-19 06:04:22.407000,0,7,1452
586,2023-11-29 00:39:50.666000,0,7,1456
606,2020-07-03 10:09:03.577000,0,7,1469
725,2022-12-30 11:43:43.609000,0,7,1507
589,2021-08-01 14:58:59.647000,0,7,1595
631,2022-11-13 22:33:33.889000,0,7,1624
671,2021-12-19 04:51:45.522000,0,7,1632
879,2021-06-16 00:16:56.946000,0,7,1639
699,2021-07-14 16:20:32.021000,0,7,1655
703,2024-11-27 09:04:18.078000,0,7,1689
563,2020-11-29 09:01:17.429000,0,7,1693
836,2024-05-14 12:17:19.089000,0,7,1703
590,2022-12-31 13:39:20.914000,0,7,1809
598,2020-01-23 13:34:11.280000,0,7,1850
645,2023-06-23 02:04:32.267000,0,7,1862
787,2021-11-12 21:58:12.830000,0,7,1876
845,2023-11-17 20:02:05.501000,0,7,1907
746,2024-05-06 16:06:11.452000,0,7,1936
596,2020-01-09 12:46:09.944000,0,7,1942
742,2020-02-07 04:02:43.920000,0,7,1984
566,2024-01-04 21:42:02.783000,0,7,2012
769,2022-03-03 06:05:38.972000,0,7,2016
826,2021-11-04 03:01:53.050000,0,7,2048
505,2022-05-19 15:16:15.755000,0,7,2118
522,2020-05-20 05:34:43.520000,0,7,2136
706,2023-10-27 11:09:07.886000,0,7,2159
676,2024-01-27 20:51:47.676000,0,7,2192
500,2022-12-07 05:08:31.465000,0,7,2224
614,2022-08-23 00:25:57.693000,0,7,2236
566,2023-07-05 09:07:24.012000,0,7,2241
718,2021-04-29 17:20:00.113000,0,7,2245
858,2022-08-17 01:39:27.466000,0,7,2247
784,2024-03-19 23:57:17.436000,0,7,2280
715,2024-11-24 04:03:23.251000,0,7,2297
769,2020-09-04 07:07:44.581000,0,7,2323
568,2024-11-25 22:50:24.690000,0,7,2338
778,2023-09-26 01:39:33.521000,0,7,2342
669,2021-07-14 17:49:37.846000,0,7,2351
857,2021-07-19 08:04:19.171000,0,7,2375
760,2021-03-24 07:43:06.430000,0,7,2412
501,2021-10-06 18:41:52.684000,0,7,2417
794,2023-04-30 16:54:05.950000,0,7,2439
569,2022-11-10 22:27:17.656000,0,7,2440
823,2022-12-16 18:41:47.788000,0,7,2454
745,2023-04-12 19:20:05.448000,0,7,2473
659,2021-02-13 19:12:14.512000,0,7,2475
866,2023-09-01 22:30:33.558000,0,7,2489
747,2022-11-02 20:44:52.543000,0,8,14
545,2023-10-11 03:53:26.372000,0,8,15
829,2023-07-08 23:36:02.637000,0,8,33
536,2022-06-23 19:12:06.322000,0,8,48
714,2023-10-31 21:22:54.515000,0,8,58
645,2022-12-22 06:25:06.700000,0,8,112
677,2022-09-21 08:07:07.293000,0,8,113
890,2022-11-07 06:55:54.719000,0,8,119
889,2023-09-15 08:40:04.752000,0,8,121
752,2024-04-24 10:03:09.074000,0,8,125
643,2022-03-31 07:50:02.160000,0,8,136
758,2023-05-24 13:10:18.398000,0,8,145
571,2021-11-09 09:06:44.324000,0,8,164
852,2020-12-30 05:08:48.486000,0,8,207
791,2022-12-02 17:46:29.728000,0,8,214
612,2022-07-14 13:58:02.833000,0,8,221
728,2024-01-15 03:02:33.608000,0,8,223
663,2020-08-28 21:08:37.044000,0,8,236
693,2020-02-09 19:38:15.343000,0,8,258
625,2023-06-07 03:56:04.076000,0,8,262
513,2022-08-11 00:19:24.146000,0,8,279
624,2022-09-29 17:17:30.177000,0,8,282
579,2023-06-30 21:56:20.799000,0,8,284
715,2020-11-15 18:16:47.246000,0,8,292
548,2021-06-18 00:54:54.428000,0,8,307
526,2022-02-07 09:47:06.982000,0,8,336
565,2022-11-17 13:32:51.344000,0,8,371
837,2023-08-20 02:54:36.783000,0,8,390
599,2024-07-25 08:19:16.594000,0,8,401
805,2021-07-13 01:55:30.053000,0,8,415
526,2022-05-31 22:06:31.963000,0,8,429
544,2021-01-10 00:36:12.884000,0,8,454
695,2024-01-29 14:18:56.652000,0,8,461
761,2020-06-23 06:59:45.314000,0,8,572
787,2020-12-12 10:34:38.432000,0,8,577
725,2024-09-13 22:16:01.944000,0,8,584
890,2024-03-31 06:00:51.162000,0,8,596
650,2020-12-31 06:06:32.720000,0,8,607
580,2022-01-26 15:38:36.430000,0,8,618
750,2021-05-09 08:22:00.891000,0,8,623
707,2022-05-28 07:59:55.199000,0,8,634
580,2024-12-23 18:25:57.722000,0,8,635
587,2023-06-24 21:23:36.481000,0,8,640
644,2021-04-16 10:59:59.619000,0,8,660
579,2024-01-12 09:24:32.045000,0,8,667
857,2024-10-31 10:14:11.934000,0,8,693
739,2021-04-11 00:03:51.878000,0,8,718
881,2024-04-07 03:25:37.865000,0,8,730
654,2021-06-17 02:43:49.908000,0,8,746
760,2022-11-29 15:41:43.394000,0,8,754
827,2024-04-08 11:36:27.036000,0,8,803
617,2022-03-23 23:26:20.880000,0,8,821
794,2024-05-08 03:19:51.150000,0,8,841
582,2024-08-05 20:23:47.444000,0,8,850
661,2021-03-16 20:01:45.671000,0,8,852
715,2023-06-10 08:23:34.436000,0,8,856
638,2024-08-05 23:44:40.227000,0,8,890
503,2020-06-19 03:39:39.359000,0,8,898
888,2023-11-19 17:28:31.051000,0,8,946
729,2022-09-20 05:37:27.445000,0,8,952
799,2022-03-08 05:14:19.374000,0,8,963
