mamh,gia,mota,size,thoigiannhaphang,trongluong,version
1,71000,Aerodynamic Granite Pants,XXL,2020-12-07 01:38:01.994000,"7,00879126457773",0
2,99000,Sleek Plastic Gloves,S,2023-05-25 09:34:04.842000,"4,15869534140019",0
3,87000,Mediocre Copper Plate,L,2024-04-13 11:13:36.989000,"3,27259210530221",0
4,86000,Small Steel Clock,XL,2023-01-09 05:18:29.133000,"1,74954998510593",0
5,80000,Rustic Granite Computer,L,2021-02-01 16:43:08.867000,"3,40983377401839",0
6,72000,Fantastic Silk Gloves,M,2021-01-05 17:45:50.496000,"2,65807449932063",0
7,98000,Gorgeous Bronze Lamp,XXL,2024-01-15 13:20:21.670000,"3,94304925550839",0
8,92000,Mediocre Bronze Bench,M,2023-02-24 09:58:27.905000,"4,28919389026419",0
9,99000,Small Wooden Watch,M,2020-02-05 22:05:01.419000,"1,17541898409776",0
10,72000,Fantastic Linen Shirt,S,2024-07-22 06:25:50.578000,"3,12079135940028",0
11,98000,Ergonomic Copper Computer,XXL,2023-09-04 21:56:52.555000,"8,36395484812983",0
12,93000,Gorgeous Granite Wallet,XXL,2021-12-12 22:40:26.796000,"8,01759464221391",0
13,75000,Mediocre Plastic Clock,XL,2024-08-19 09:31:41.580000,"6,51653249041353",0
14,80000,Heavy Duty Aluminum Watch,XS,2021-10-21 08:53:24.348000,"2,49110155189552",0
15,88000,Awesome Wool Knife,XXL,2020-03-17 20:07:41.950000,"4,24373950506868",0
16,76000,Aerodynamic Granite Plate,L,2020-08-10 15:40:16.164000,"9,67118190523016",0
17,93000,Sleek Plastic Watch,XS,2020-08-06 01:20:23.301000,"8,70794221525079",0
18,91000,Rustic Leather Computer,M,2020-01-14 09:49:51.898000,"0,678851369844448",0
19,78000,Gorgeous Wool Chair,XXL,2020-07-11 04:20:53.703000,"2,80871534984906",0
20,70000,Sleek Bronze Shirt,XXL,2024-03-01 23:16:01.473000,"4,02189956172128",0
21,98000,Gorgeous Granite Bag,M,2024-07-24 08:30:24.279000,"0,85067289305025",0
22,84000,Rustic Wool Table,S,2023-02-24 09:05:57.907000,"7,67487932891866",0
23,73000,Fantastic Wool Bag,XL,2022-05-30 18:39:29.762000,"1,77716392499355",0
24,93000,Awesome Silk Hat,XXS,2024-04-04 02:16:50.767000,"1,06462093751156",0
25,79000,Small Steel Bench,XXS,2021-03-01 16:55:12.396000,"9,40618639673864",0
26,71000,Fantastic Rubber Clock,XS,2023-12-26 08:02:26.967000,"3,13692918716213",0
27,70000,Lightweight Plastic Lamp,XS,2021-06-26 00:02:24.690000,"1,07860820940888",0
28,94000,Rustic Copper Keyboard,XL,2022-12-06 04:09:02.691000,"3,7001985757283",0
29,82000,Enormous Paper Keyboard,XXL,2024-12-29 18:17:10.402000,"0,784869478938822",0
30,72000,Heavy Duty Leather Watch,XS,2024-10-15 06:50:24.354000,"8,13882004224438",0
31,78000,Sleek Bronze Bottle,L,2020-06-30 00:17:21.250000,"6,51148942113932",0
32,84000,Gorgeous Wooden Coat,XXS,2021-10-03 07:20:14.215000,"6,74602659321587",0
33,85000,Synergistic Wooden Watch,XL,2022-09-22 06:52:00.597000,"3,75747225978503",0
34,83000,Practical Concrete Knife,XS,2023-05-17 12:03:18.140000,"8,43230367668698",0
35,88000,Rustic Plastic Shirt,XXS,2020-08-17 14:44:34.203000,"8,27984246366421",0
36,97000,Intelligent Leather Gloves,M,2022-12-16 07:22:21.842000,"0,226836391716899",0
37,93000,Practical Aluminum Coat,XS,2020-05-12 10:35:24.332000,"9,08293874784044",0
38,84000,Incredible Silk Keyboard,S,2022-05-10 15:13:08.895000,"3,65011413747341",0
39,83000,Intelligent Bronze Bag,XXS,2024-11-06 03:40:36.448000,"5,95924204026607",0
40,90000,Mediocre Linen Bag,XXL,2024-05-01 09:48:22.424000,"9,06412822351199",0
41,73000,Practical Aluminum Table,XXS,2024-09-29 00:28:13.083000,"6,62771021820458",0
42,96000,Heavy Duty Steel Pants,L,2024-05-28 04:43:10.132000,"4,23117783617579",0
43,77000,Small Cotton Bag,XS,2023-03-26 20:00:30.342000,"1,53720358597932",0
44,81000,Enormous Steel Hat,XXL,2020-04-14 16:01:32.411000,"5,33342301790123",0
45,96000,Gorgeous Plastic Table,L,2023-04-05 20:02:30.006000,"3,37874281033645",0
46,82000,Rustic Steel Car,M,2024-04-26 07:33:08.345000,"6,55184386531577",0
47,71000,Heavy Duty Bronze Bag,XXL,2020-01-29 11:35:18.479000,"0,631001693218081",0
48,95000,Intelligent Steel Shoes,XL,2020-04-06 03:19:59.133000,"6,14367799726371",0
49,81000,Aerodynamic Cotton Coat,XL,2021-08-23 17:05:38.486000,"4,6322425239308",0
50,80000,Rustic Paper Coat,XXL,2020-07-02 02:50:13.826000,"2,37121202056855",0
51,73000,Aerodynamic Concrete Computer,M,2022-10-05 04:50:42.598000,"7,20118321241506",0
52,74000,Incredible Linen Bench,XS,2023-12-06 10:45:27.092000,"9,96294704540629",0
53,75000,Heavy Duty Wool Wallet,L,2022-11-09 09:28:32.388000,"9,73677501340308",0
54,75000,Synergistic Granite Car,M,2020-06-10 11:09:13.179000,"9,46309052134968",0
55,96000,Enormous Rubber Shoes,XXS,2022-11-22 07:33:14.742000,"9,86950338132038",0
56,85000,Rustic Wooden Gloves,M,2021-01-23 14:24:18.360000,"5,79652214000001",0
57,88000,Sleek Concrete Gloves,XXL,2021-03-30 13:55:36.292000,"6,43711355531993",0
58,99000,Awesome Cotton Bench,S,2023-05-30 07:08:41.095000,"4,45450695107518",0
59,97000,Rustic Paper Watch,XXL,2020-12-03 06:18:18.020000,"6,09436994582278",0
60,94000,Durable Bronze Pants,M,2024-12-18 01:50:57.403000,"1,73462811702309",0
61,84000,Practical Silk Bag,XL,2020-01-20 18:04:34.428000,"5,98722558575847",0
62,85000,Enormous Rubber Chair,XS,2024-01-10 11:10:50.025000,"0,955304492030906",0
63,92000,Incredible Leather Bench,M,2022-09-23 22:55:19.596000,"5,32552339720583",0
64,85000,Practical Iron Clock,XL,2024-10-29 06:05:23.413000,"7,64556520265339",0
65,82000,Practical Plastic Car,XL,2021-01-17 21:41:58.786000,"2,67662646553929",0
66,80000,Incredible Wooden Bench,S,2024-12-01 03:57:01.564000,"2,02557219687462",0
67,71000,Aerodynamic Leather Bottle,S,2020-10-19 05:38:50.328000,"7,225244460943",0
68,82000,Heavy Duty Rubber Pants,L,2020-12-24 09:51:41.819000,"5,09401969205442",0
69,78000,Intelligent Granite Table,L,2023-10-29 09:11:16.932000,"2,35594286788694",0
70,90000,Mediocre Marble Keyboard,XL,2023-08-09 10:29:59.424000,"4,88969618552935",0
71,98000,Awesome Steel Keyboard,XXL,2024-01-03 10:52:25.628000,"2,36098879740308",0
72,85000,Gorgeous Linen Bag,XS,2022-01-23 05:31:29.900000,"2,33170318654912",0
73,70000,Enormous Rubber Clock,XL,2023-10-11 18:04:42.321000,"9,61428221640383",0
74,76000,Aerodynamic Paper Car,XXL,2022-11-23 05:42:54.196000,"7,67918233566743",0
75,75000,Enormous Aluminum Table,XL,2022-04-01 00:00:13.965000,"2,84321004959552",0
76,79000,Awesome Wool Coat,M,2022-06-02 01:13:21.031000,"3,75210637355134",0
77,78000,Fantastic Cotton Lamp,XXS,2024-04-15 04:26:23.045000,"4,15086869864778",0
78,76000,Enormous Concrete Clock,XXS,2022-09-23 08:49:42.394000,"8,37830383001683",0
79,77000,Incredible Silk Lamp,XXL,2024-05-06 22:23:27.232000,"6,48507117373289",0
80,96000,Ergonomic Silk Plate,XS,2023-12-13 00:45:07.131000,"9,41840221930782",0
81,73000,Fantastic Silk Table,XXL,2024-03-25 00:15:03.731000,"0,72928306137163",0
82,73000,Mediocre Bronze Coat,S,2021-06-27 23:37:40.955000,"5,80981865953485",0
83,98000,Small Silk Lamp,S,2024-12-21 04:31:33.567000,"1,189866086041",0
84,92000,Awesome Marble Bench,M,2022-05-08 19:56:02.780000,"9,60393086507271",0
85,91000,Practical Cotton Plate,XXL,2021-10-08 05:07:46.988000,"7,53699246899858",0
86,77000,Synergistic Leather Bottle,XS,2021-02-21 07:28:17.767000,"3,13212787234944",0
87,79000,Heavy Duty Wooden Computer,XL,2022-09-05 09:56:23.783000,"5,86818897301457",0
88,97000,Intelligent Bronze Bottle,S,2020-10-09 20:23:36.975000,"6,68470343140509",0
89,97000,Aerodynamic Marble Bottle,XXS,2020-08-12 01:58:20.268000,"5,47356754155486",0
90,88000,Synergistic Steel Table,L,2022-08-10 22:37:59.673000,"1,56234468270852",0
91,76000,Fantastic Granite Shirt,S,2024-11-07 14:33:08.190000,"2,39090156161907",0
92,83000,Synergistic Linen Coat,S,2021-04-23 17:36:06.626000,"5,38438937693858",0
93,96000,Awesome Wooden Hat,M,2023-05-09 03:52:31.781000,"6,59099050275658",0
94,79000,Intelligent Wooden Knife,XXL,2020-04-27 00:17:37.941000,"6,97627879853282",0
95,82000,Sleek Wool Shirt,XXS,2022-10-02 16:11:19.920000,"1,63797248355251",0
96,72000,Ergonomic Wooden Shirt,XXS,2023-12-30 22:15:25.819000,"1,23543157906998",0
97,92000,Intelligent Paper Shoes,S,2024-11-09 05:04:11.748000,"6,1530990400324",0
98,76000,Sleek Marble Wallet,S,2021-11-07 16:48:23.086000,"1,63947300904745",0
99,96000,Gorgeous Silk Shoes,XL,2021-05-16 22:15:31.465000,"7,92334237399245",0
100,96000,Sleek Wooden Coat,XXS,2022-03-28 16:23:30.539000,"8,29601847793665",0
101,71000,Mediocre Concrete Car,L,2024-02-19 16:27:30.975000,"3,50640236035069",0
102,96000,Synergistic Wooden Gloves,M,2023-01-10 09:46:41.928000,"3,61409010256704",0
103,85000,Synergistic Aluminum Knife,XXL,2024-12-10 02:15:25.454000,"0,520774180466372",0
104,87000,Small Silk Computer,XL,2024-08-07 15:36:27.423000,"0,538472441460625",0
105,91000,Rustic Wooden Bench,XS,2024-10-17 07:46:30.753000,"5,95981823908068",0
106,86000,Small Marble Keyboard,XS,2021-03-08 08:44:52.663000,"8,87736658880266",0
107,92000,Synergistic Steel Knife,XXS,2023-07-05 12:58:51.605000,"2,101002460685",0
108,82000,Mediocre Concrete Clock,XS,2024-01-25 09:19:14.930000,"5,73129144737643",0
109,79000,Gorgeous Steel Clock,XXL,2024-01-28 14:35:03.053000,"8,0107919768129",0
110,83000,Lightweight Steel Watch,XL,2021-09-08 18:23:29.858000,"4,28818092614345",0
111,85000,Ergonomic Aluminum Lamp,XL,2020-10-15 12:17:52.323000,"0,803688156807905",0
112,95000,Aerodynamic Leather Wallet,XL,2022-02-04 12:34:52.514000,"4,9345316293561",0
113,88000,Mediocre Marble Bench,XXL,2024-06-17 09:44:18.127000,"6,59422828444932",0
114,98000,Gorgeous Linen Watch,L,2024-11-16 21:17:41.864000,"9,03255601653339",0
115,80000,Gorgeous Linen Chair,XXS,2023-07-01 10:39:02.405000,"2,03706514364373",0
116,71000,Aerodynamic Rubber Car,XL,2021-01-24 23:08:35.805000,"3,80266479124504",0
117,80000,Heavy Duty Aluminum Keyboard,XL,2023-03-12 05:03:16.513000,"3,17017008444554",0
118,97000,Aerodynamic Silk Bag,M,2022-06-22 17:42:08.892000,"9,93743735132637",0
119,97000,Durable Concrete Chair,S,2021-10-14 00:39:35.655000,"6,57711644396097",0
120,73000,Mediocre Silk Watch,XXS,2023-03-31 12:57:09.560000,"2,11885685696565",0
121,99000,Small Wooden Clock,XS,2023-10-19 09:20:21.881000,"9,0091796334368",0
122,93000,Rustic Plastic Bottle,M,2021-07-03 10:16:45.679000,"4,71398613823127",0
123,73000,Gorgeous Cotton Keyboard,M,2023-08-25 17:12:31.569000,"0,99571317109346",0
124,91000,Sleek Marble Wallet,XXS,2022-11-24 13:02:56.956000,"6,39688203752601",0
125,77000,Incredible Marble Clock,M,2023-07-05 22:38:20.048000,"3,59543365308147",0
126,96000,Durable Rubber Pants,XS,2024-01-17 20:15:15.563000,"9,85179266162373",0
127,94000,Mediocre Copper Plate,M,2024-01-17 09:03:45.249000,"6,36655698341061",0
128,74000,Awesome Leather Wallet,XS,2022-04-11 16:32:23.516000,"5,52499460927847",0
129,78000,Incredible Iron Computer,XS,2022-02-26 00:42:26.510000,"4,30651403256526",0
130,74000,Mediocre Iron Lamp,S,2024-01-29 10:55:02.807000,"7,3695277142791",0
131,87000,Awesome Wooden Table,S,2023-02-07 16:50:13.026000,"8,62655576090616",0
132,99000,Fantastic Aluminum Bench,XXS,2023-03-15 01:04:11.015000,"1,13257107317278",0
133,93000,Aerodynamic Bronze Plate,XXS,2022-11-29 14:52:20.307000,"2,29373415718468",0
134,74000,Sleek Iron Chair,XXS,2021-09-27 17:43:03.419000,"3,37554691690014",0
135,97000,Lightweight Concrete Watch,M,2020-03-02 00:04:52.202000,"8,64494664784855",0
136,82000,Enormous Leather Bench,S,2020-10-08 05:45:36.022000,"6,17946393347621",0
137,85000,Ergonomic Wooden Car,XXS,2024-01-24 20:09:22.847000,"4,64924927866637",0
138,86000,Small Paper Pants,XXS,2020-09-07 03:29:57.762000,"9,39027071947654",0
139,77000,Awesome Rubber Coat,XL,2023-05-01 19:37:30.705000,"3,38214879676976",0
140,74000,Practical Rubber Table,M,2021-09-25 03:00:29.282000,"6,53562266905106",0
141,89000,Awesome Leather Shoes,M,2024-04-03 23:41:58.882000,"0,407081173844347",0
142,95000,Intelligent Granite Hat,L,2024-04-19 14:38:35.542000,"3,50298006983218",0
143,82000,Mediocre Concrete Bottle,S,2021-07-03 14:21:25.838000,"4,96770163645395",0
144,93000,Sleek Linen Watch,XS,2022-02-21 07:05:56.982000,"8,44439432105206",0
145,71000,Intelligent Aluminum Gloves,L,2020-09-24 05:13:41.598000,"5,82704014516302",0
146,98000,Gorgeous Leather Plate,XXL,2024-04-06 00:19:28.621000,"4,48405987041874",0
147,88000,Lightweight Leather Pants,L,2021-10-02 04:13:48.653000,"7,49183898498639",0
148,75000,Durable Rubber Pants,XL,2024-12-05 17:34:33.180000,"1,31626951641636",0
149,95000,Rustic Leather Clock,L,2021-08-12 14:57:36.888000,"8,69101081613863",0
150,79000,Sleek Bronze Lamp,XXS,2024-08-01 19:46:37.278000,"2,09311499005489",0
151,86000,Rustic Paper Bench,XXL,2021-11-01 17:20:25.900000,"8,66298514466351",0
152,80000,Incredible Marble Computer,S,2023-07-15 04:30:56.022000,"5,28010284898753",0
153,87000,Small Linen Bottle,XS,2024-08-15 05:28:31.966000,"2,58146930871015",0
154,91000,Gorgeous Wool Bag,XXS,2024-01-04 13:40:04.719000,"0,996379086101832",0
155,80000,Rustic Silk Shoes,S,2023-02-04 11:46:08.627000,"3,42254190085116",0
156,95000,Heavy Duty Cotton Shoes,L,2023-07-07 07:09:23.243000,"4,20445625515706",0
157,97000,Durable Bronze Clock,S,2022-12-26 07:41:05.235000,"6,36267770072588",0
158,85000,Heavy Duty Copper Pants,S,2021-09-10 01:45:12.430000,"9,53463072281773",0
159,76000,Lightweight Bronze Shirt,XXL,2022-03-24 13:39:50.194000,"7,33020386201229",0
160,92000,Gorgeous Steel Coat,XXL,2024-12-29 17:06:30.876000,"8,37701257650241",0
161,88000,Small Bronze Chair,XXS,2023-03-19 01:33:37.943000,"0,515226087231759",0
162,94000,Practical Rubber Wallet,XS,2023-08-14 20:35:45.593000,"1,49202151215809",0
163,72000,Gorgeous Plastic Bottle,XXS,2020-01-23 00:53:37.301000,"0,700272014716803",0
164,71000,Heavy Duty Granite Computer,L,2024-03-21 18:26:31.922000,"0,295483501906995",0
165,94000,Small Wool Shirt,L,2022-08-29 22:44:41.714000,"6,46984050419453",0
166,71000,Heavy Duty Steel Shirt,XL,2020-02-09 21:36:41.885000,"6,25665797961948",0
167,85000,Sleek Concrete Bottle,XS,2021-08-25 10:37:31.748000,"4,510201567574",0
168,93000,Incredible Granite Keyboard,XXS,2023-05-29 13:18:25.077000,"9,0935258229176",0
169,71000,Rustic Iron Plate,XS,2024-11-03 12:20:05.984000,"4,12212114724466",0
170,81000,Gorgeous Rubber Keyboard,XXL,2023-08-08 03:09:45.047000,"4,1514676491065",0
171,93000,Rustic Paper Table,XXS,2023-09-03 17:04:35.062000,"0,327716193526709",0
172,85000,Aerodynamic Rubber Wallet,XXS,2023-11-19 01:30:18.747000,"4,54724483793751",0
173,91000,Ergonomic Plastic Keyboard,M,2022-06-25 20:36:15.575000,"8,15730807061131",0
174,97000,Awesome Copper Bench,XS,2021-02-02 11:21:08.922000,"9,82743489300621",0
175,91000,Small Silk Table,XS,2021-04-06 15:55:07.604000,"4,92855104348615",0
176,84000,Enormous Paper Watch,XXL,2024-05-20 05:29:09.338000,"3,77920737387892",0
177,97000,Sleek Granite Clock,M,2020-06-05 18:59:47.508000,"2,14480352125647",0
178,70000,Aerodynamic Copper Bag,L,2023-12-31 09:10:38.062000,"5,1521838653044",0
179,75000,Sleek Paper Shoes,XS,2022-11-20 19:20:45.162000,"7,41545701576071",0
180,93000,Gorgeous Concrete Pants,XXL,2022-07-11 08:03:08.156000,"9,99747198197422",0
181,97000,Ergonomic Wooden Shoes,XS,2024-07-18 02:12:01.220000,"3,47434469074067",0
182,76000,Aerodynamic Marble Table,XXL,2022-12-19 09:51:46.896000,"3,97583106979296",0
183,95000,Fantastic Cotton Shoes,XXL,2022-07-05 09:18:17.960000,"3,43866087734018",0
184,99000,Heavy Duty Linen Shoes,XL,2021-04-14 14:18:51.407000,"7,14693431100448",0
185,93000,Lightweight Iron Computer,XXS,2023-11-07 02:13:02.447000,"4,24310173848266",0
186,86000,Lightweight Cotton Watch,XXS,2024-08-25 19:52:59.643000,"6,07457002420047",0
187,85000,Synergistic Wool Table,M,2020-05-17 14:08:18.744000,"2,07406188856658",0
188,86000,Mediocre Cotton Computer,S,2020-11-19 00:08:51.542000,"2,52908438323606",0
189,79000,Incredible Wooden Coat,L,2022-06-13 02:52:54.528000,"4,32836189470801",0
190,70000,Enormous Granite Plate,L,2024-01-29 08:09:40.323000,"3,25015882494527",0
191,72000,Ergonomic Wooden Shirt,S,2022-08-22 10:21:15.161000,"5,2573534959214",0
192,86000,Enormous Copper Pants,S,2021-03-06 13:07:59.070000,"5,29190843192624",0
193,95000,Synergistic Paper Wallet,M,2021-05-02 00:51:49.520000,"4,21195082918132",0
194,81000,Enormous Wooden Plate,XS,2023-10-31 11:51:07.802000,"7,5923015017912",0
195,72000,Aerodynamic Marble Watch,L,2022-04-08 01:35:16.313000,"9,9422097132588",0
196,84000,Lightweight Paper Hat,XS,2024-08-10 03:53:49.392000,"7,69171957635005",0
197,91000,Enormous Silk Lamp,S,2021-10-23 22:05:05.041000,"0,19525150034899",0
198,97000,Rustic Rubber Watch,S,2021-05-20 02:58:11.761000,"9,18597285271759",0
199,88000,Small Copper Plate,XL,2023-12-15 06:54:08.560000,"7,8601248223558",0
200,88000,Rustic Bronze Chair,XS,2023-09-15 09:21:41.856000,"5,29251645998716",0
201,79000,Heavy Duty Iron Pants,XL,2023-10-26 01:18:50.231000,"0,59074122649308",0
202,77000,Practical Rubber Computer,XXS,2023-01-08 14:13:56.412000,"5,56395599717098",0
203,97000,Intelligent Copper Gloves,L,2020-11-16 18:40:56.504000,"5,0687353401282",0
204,82000,Durable Iron Pants,XXL,2021-07-17 09:08:49.504000,"6,26433963931649",0
205,87000,Small Wool Bag,XXL,2021-03-24 23:31:11.617000,"3,78805748218999",0
206,79000,Small Iron Knife,XXS,2021-10-19 20:01:49.426000,"4,08184188158011",0
207,95000,Heavy Duty Copper Chair,M,2024-12-05 00:06:09.032000,"6,79845480112152",0
208,92000,Mediocre Wooden Gloves,XXS,2021-12-16 14:03:53.332000,"9,70351091797362",0
209,74000,Incredible Leather Bottle,S,2020-06-30 13:20:29.350000,"7,34518410886129",0
210,72000,Ergonomic Steel Wallet,XL,2022-05-18 10:35:04.175000,"8,73968601813753",0
211,71000,Intelligent Bronze Gloves,XL,2022-06-19 10:06:10.289000,"9,90669651231885",0
212,81000,Practical Marble Plate,XXL,2024-03-22 08:35:26.562000,"3,45898886987544",0
213,94000,Fantastic Steel Bottle,XL,2021-07-27 00:38:48.603000,"2,71356455560076",0
214,92000,Incredible Steel Computer,XXS,2021-04-23 09:11:40.183000,"1,81917931973973",0
215,93000,Lightweight Steel Plate,S,2021-08-20 19:23:18.865000,"9,29265583756454",0
216,98000,Ergonomic Copper Shoes,L,2021-03-15 08:57:58.917000,"6,58711606455982",0
217,96000,Gorgeous Steel Knife,L,2023-12-11 18:22:44.481000,"9,02144472074339",0
218,80000,Rustic Linen Hat,XXS,2023-09-18 16:09:19.129000,"5,10458632181058",0
219,76000,Small Plastic Table,XL,2021-12-27 01:39:45.299000,"8,15301430140848",0
220,70000,Intelligent Wooden Wallet,XL,2021-05-06 09:18:53.534000,"7,54049062064896",0
221,98000,Durable Bronze Shoes,L,2023-01-06 23:30:06.764000,"4,36676540867556",0
222,88000,Incredible Concrete Bench,XXS,2022-03-18 04:28:28.302000,"2,09127064774661",0
223,79000,Mediocre Steel Shirt,L,2023-06-11 04:25:30.569000,"9,26122233373348",0
224,71000,Awesome Granite Keyboard,S,2020-01-03 09:35:29.608000,"5,75660564394579",0
225,71000,Practical Rubber Lamp,XXS,2021-04-07 11:20:37.903000,"6,75272420869341",0
226,78000,Rustic Wooden Pants,XL,2024-10-08 06:48:11.325000,"8,39990717558879",0
227,71000,Incredible Concrete Pants,S,2024-01-27 03:41:24.064000,"3,33567691521986",0
228,86000,Intelligent Copper Clock,XXS,2022-07-31 02:18:19.718000,"8,11107421696754",0
229,89000,Small Wool Watch,M,2021-04-28 07:55:44.964000,"3,68374544002834",0
230,91000,Practical Wool Shirt,XXS,2021-11-28 21:12:19.068000,"1,3279874280231",0
231,84000,Practical Iron Chair,M,2020-07-07 22:53:26.658000,"7,28906728275387",0
232,82000,Intelligent Cotton Knife,XXS,2023-12-22 21:18:15.675000,"6,56082163318963",0
233,83000,Practical Marble Bag,XS,2021-08-30 02:23:49.816000,"5,46024537535025",0
234,97000,Ergonomic Bronze Wallet,L,2020-02-29 04:34:52.468000,"2,14076860487262",0
235,73000,Small Cotton Bottle,S,2023-06-14 01:16:47.754000,"9,45534170923079",0
236,80000,Intelligent Silk Clock,XXL,2024-01-30 10:42:39.029000,"5,47813625958433",0
237,98000,Practical Paper Plate,M,2023-12-15 02:43:48.212000,"7,68867014078193",0
238,87000,Gorgeous Steel Coat,S,2023-07-03 01:14:04.801000,"5,00651744981199",0
239,98000,Intelligent Wooden Wallet,M,2021-09-04 19:56:59.680000,"0,269995722862096",0
240,75000,Awesome Linen Coat,S,2024-06-11 03:37:56.646000,"3,27632609384172",0
241,77000,Gorgeous Silk Plate,XS,2024-07-05 09:36:52.743000,"0,520730649574143",0
242,78000,Durable Rubber Bench,XXS,2021-11-09 19:12:37.236000,"3,32914543021199",0
243,80000,Intelligent Concrete Shoes,XXS,2022-09-19 08:23:45.397000,"9,63566301690559",0
244,91000,Small Granite Bottle,XXL,2020-02-16 11:14:33.265000,"2,89896175433064",0
245,94000,Fantastic Marble Computer,XS,2024-10-05 17:40:38.159000,"6,05820402811336",0
246,74000,Small Marble Coat,XXL,2021-04-10 18:54:22.199000,"4,06389975347415",0
247,92000,Rustic Rubber Knife,S,2022-12-08 13:57:03.513000,"8,32698916008842",0
248,83000,Practical Bronze Wallet,XXS,2022-08-31 07:56:14.301000,"9,93539142357936",0
249,80000,Fantastic Wool Pants,XS,2021-08-24 03:29:51.463000,"8,97231757030836",0
250,71000,Rustic Copper Chair,M,2022-02-05 11:49:17.644000,"2,11110110888865",0
251,79000,Mediocre Wool Pants,S,2021-12-26 10:28:57.081000,"8,88742023865561",0
252,89000,Heavy Duty Rubber Clock,XS,2023-10-21 15:09:12.681000,"3,45592882530274",0
253,74000,Incredible Iron Computer,XL,2023-06-26 03:09:01.675000,"8,45702093332491",0
254,83000,Intelligent Wooden Gloves,S,2023-10-14 04:15:07.315000,"5,90607682445007",0
255,89000,Enormous Leather Pants,XS,2024-02-01 11:21:02.453000,"0,808777450094232",0
256,83000,Practical Steel Bag,XL,2021-06-14 02:01:52.764000,"4,32384358065037",0
257,85000,Lightweight Plastic Lamp,M,2024-02-21 05:03:04.167000,"2,1424996801519",0
258,88000,Lightweight Wooden Shirt,M,2024-03-23 13:09:38.086000,"0,766185558836735",0
259,70000,Rustic Bronze Pants,XXS,2020-03-08 07:33:16.958000,"2,51918460427677",0
260,80000,Durable Iron Shirt,M,2024-02-11 18:14:56.248000,"5,19800811274089",0
261,94000,Fantastic Leather Pants,L,2020-02-22 02:17:56.383000,"6,2764268091949",0
262,76000,Ergonomic Linen Gloves,XXL,2023-05-01 06:31:08.097000,"8,00336276933468",0
263,82000,Enormous Wool Coat,XXS,2020-07-09 07:48:44.174000,"0,922444254933719",0
264,94000,Ergonomic Copper Wallet,XS,2021-07-30 09:18:05.162000,"3,30523279262492",0
265,96000,Enormous Silk Coat,S,2020-06-29 14:36:43.128000,"0,994825534321174",0
266,82000,Durable Steel Coat,S,2021-04-13 21:03:18.723000,"2,98671359200895",0
267,94000,Small Steel Bottle,M,2020-01-02 07:36:52.064000,"1,51108889809679",0
268,88000,Durable Wooden Shoes,M,2024-01-14 09:58:26.463000,"1,67654487058643",0
269,86000,Synergistic Cotton Car,L,2024-03-04 03:47:06.692000,"1,51423598252189",0
270,81000,Intelligent Paper Lamp,XXS,2021-03-29 07:30:09.068000,"7,71866272792678",0
271,97000,Enormous Wooden Coat,XL,2024-11-24 20:03:14.255000,"5,57476301627379",0
272,93000,Small Paper Knife,XXL,2020-10-22 05:50:44.566000,"6,49046822499416",0
273,83000,Lightweight Paper Gloves,S,2022-04-22 10:42:08.811000,"7,48454277040653",0
274,93000,Small Aluminum Hat,XS,2020-08-17 04:56:54.530000,"6,49339919079523",0
275,72000,Fantastic Steel Coat,XXL,2024-06-02 23:50:59.307000,"7,85410651946671",0
276,80000,Intelligent Copper Knife,XXL,2023-11-07 15:48:18.190000,"8,83532520497356",0
277,89000,Durable Silk Gloves,XS,2024-03-25 08:40:20.277000,"4,63349649657159",0
278,80000,Heavy Duty Granite Chair,S,2020-02-01 22:53:34.899000,"8,7598760314575",0
279,79000,Mediocre Granite Clock,L,2022-02-11 05:31:45.526000,"8,68369591340394",0
280,96000,Gorgeous Leather Keyboard,XXL,2020-07-28 13:54:47.036000,"0,86768617010074",0
281,82000,Synergistic Plastic Computer,S,2023-05-10 08:11:16.725000,"9,99637201762537",0
282,77000,Mediocre Wool Chair,XL,2024-01-01 13:30:42.713000,"3,2620987591799",0
283,72000,Awesome Leather Knife,S,2021-03-17 13:05:05.501000,"4,52453632991129",0
284,83000,Sleek Rubber Wallet,L,2023-03-12 22:10:29.275000,"8,23320857729464",0
285,71000,Synergistic Aluminum Bench,XL,2024-04-15 06:40:09.553000,"5,56783282742781",0
286,83000,Aerodynamic Leather Computer,XXS,2023-07-27 19:20:37.653000,"8,58560796381146",0
287,90000,Enormous Cotton Bottle,XXS,2022-04-19 19:46:15.251000,"9,26554576671162",0
288,74000,Gorgeous Plastic Shoes,XS,2022-04-05 15:02:16.416000,"3,10274028305408",0
289,84000,Durable Bronze Bag,M,2020-04-23 11:45:30.220000,"1,84961412440265",0
290,78000,Lightweight Concrete Shoes,S,2023-08-22 19:30:50.073000,"1,55258269616601",0
291,71000,Ergonomic Granite Table,M,2021-11-11 11:55:35.048000,"0,731896824960254",0
292,99000,Fantastic Concrete Shirt,S,2021-06-19 08:25:43.944000,"3,38953564221332",0
293,82000,Durable Bronze Keyboard,XL,2022-06-13 11:12:42.421000,"3,6040002872338",0
294,81000,Intelligent Granite Keyboard,XS,2022-11-25 11:44:02.886000,"4,19365083638834",0
295,91000,Aerodynamic Wooden Coat,XXS,2021-05-22 17:47:45.032000,"5,11735268809289",0
296,79000,Aerodynamic Silk Hat,XS,2020-06-13 14:41:12.976000,"9,02262599132408",0
297,94000,Awesome Copper Chair,XXS,2020-04-09 01:47:20.329000,"5,11907323106071",0
298,71000,Sleek Wool Bottle,M,2023-02-11 10:28:39.789000,"2,72204210042055",0
299,85000,Sleek Leather Lamp,S,2021-01-22 10:43:03.087000,"3,25567266184023",0
300,73000,Intelligent Wool Clock,S,2024-03-08 21:22:25.857000,"3,75326686934511",0
301,92000,Sleek Rubber Keyboard,XXS,2020-11-12 21:12:13.060000,"0,803363551823378",0
302,83000,Heavy Duty Concrete Keyboard,S,2020-05-24 15:59:55.190000,"5,15504024023093",0
303,84000,Fantastic Rubber Knife,XXL,2024-06-01 16:53:28.137000,"5,13505215842997",0
304,85000,Heavy Duty Aluminum Bench,S,2021-07-25 19:03:07.366000,"9,02538308863034",0
305,76000,Lightweight Wool Clock,XXL,2024-06-03 07:13:40.454000,"0,192704870847955",0
306,98000,Sleek Aluminum Plate,M,2020-04-02 17:54:32.091000,"1,83650190195954",0
307,73000,Fantastic Rubber Car,XS,2021-07-08 01:58:10.246000,"6,90727108627611",0
308,82000,Sleek Linen Table,XXS,2020-11-04 20:11:04.220000,"9,88855837276177",0
309,96000,Enormous Copper Shoes,XL,2022-05-28 02:35:46.465000,"2,17875300785592",0
310,74000,Lightweight Plastic Knife,L,2024-12-26 14:09:06.704000,"4,60723599811274",0
311,77000,Incredible Granite Gloves,XL,2022-02-06 23:32:03.739000,"3,40517380372651",0
312,79000,Rustic Marble Table,XL,2021-03-05 10:38:07.684000,"1,56270766391285",0
313,72000,Awesome Silk Plate,S,2021-11-22 04:19:04.832000,"4,00075764692942",0
314,75000,Lightweight Rubber Table,L,2022-09-02 22:46:07.106000,"4,57107858665095",0
315,82000,Lightweight Marble Watch,XXS,2024-06-10 06:53:05.844000,"9,14439925552645",0
316,83000,Gorgeous Rubber Knife,XXS,2021-03-11 08:10:44.375000,"5,47494389854554",0
317,73000,Small Leather Watch,XS,2023-09-10 02:50:21.041000,"9,12895592831435",0
318,87000,Practical Paper Gloves,XXL,2020-12-05 07:36:28.536000,"6,15721916778646",0
319,92000,Durable Concrete Shoes,XS,2024-09-17 23:27:14.582000,"1,11371924616101",0
320,73000,Ergonomic Rubber Car,XL,2021-04-11 03:22:48.150000,"2,32793427135878",0
321,87000,Practical Cotton Watch,XXL,2021-02-26 04:37:56.339000,"4,62450460802961",0
322,76000,Heavy Duty Wooden Plate,M,2021-08-08 09:29:19.962000,"2,38898091132993",0
323,82000,Incredible Silk Wallet,M,2022-05-17 12:08:55.954000,"2,45082429305708",0
324,73000,Ergonomic Linen Bag,XXS,2021-08-13 00:09:10.684000,"7,6393124209851",0
325,98000,Lightweight Iron Car,L,2021-10-02 02:18:51.163000,"2,92301075331438",0
326,97000,Aerodynamic Linen Plate,XL,2022-04-03 12:48:19.148000,"5,48808405350037",0
327,84000,Durable Iron Clock,L,2021-04-19 09:11:50.308000,"8,42736095959087",0
328,81000,Gorgeous Leather Shirt,XXL,2024-05-07 10:34:12.819000,"2,22063300026212",0
329,88000,Heavy Duty Copper Hat,XXL,2023-04-14 14:02:13.826000,"1,42984010108924",0
330,72000,Practical Linen Knife,L,2022-05-09 21:17:03.287000,"2,59598596518953",0
331,98000,Enormous Copper Pants,M,2021-01-27 15:55:57.291000,"9,02309791384373",0
332,89000,Fantastic Aluminum Keyboard,XXS,2022-08-21 22:23:29.600000,"6,36932516520486",0
333,89000,Synergistic Copper Lamp,XL,2020-02-07 07:08:57.162000,"5,60460033406524",0
334,81000,Incredible Wool Shirt,XXL,2022-07-19 12:49:13.316000,"4,42933832471726",0
335,84000,Small Bronze Bottle,XXS,2024-12-31 17:49:00.609000,"8,88496694199344",0
336,84000,Practical Paper Bag,XS,2021-07-03 07:15:03.739000,"4,10003850105657",0
337,72000,Awesome Bronze Hat,L,2020-09-16 14:14:59.853000,"9,12226091535963",0
338,75000,Practical Paper Chair,XXL,2022-09-09 18:53:17.637000,"4,83316924345321",0
339,99000,Ergonomic Iron Computer,L,2023-03-21 07:34:22.971000,"0,955696337789389",0
340,97000,Fantastic Steel Coat,XS,2022-11-01 15:53:52.639000,"5,88113378878832",0
341,72000,Heavy Duty Aluminum Computer,M,2020-03-09 12:59:36.679000,"3,27733467803583",0
342,72000,Heavy Duty Rubber Gloves,L,2023-10-13 11:23:47.410000,"3,76179882813976",0
343,77000,Mediocre Paper Coat,XXL,2021-06-24 06:20:23.227000,"4,21635745700654",0
344,74000,Incredible Aluminum Hat,XL,2022-10-17 08:53:41.530000,"2,90954201912692",0
345,89000,Fantastic Wooden Table,XS,2023-06-21 22:46:38.810000,"8,29162010530512",0
346,79000,Rustic Concrete Coat,L,2022-01-06 18:53:33.452000,"2,33358700819958",0
347,88000,Small Copper Pants,XXL,2021-06-21 20:38:59.185000,"1,54819019092659",0
348,75000,Mediocre Paper Bag,S,2023-06-14 16:14:18.881000,"8,60071884132217",0
349,90000,Heavy Duty Iron Shoes,XXS,2023-12-19 20:59:41.536000,"6,90084334196357",0
350,94000,Gorgeous Paper Clock,XL,2020-11-01 08:07:43.138000,"7,63647313210332",0
351,86000,Small Copper Shirt,XXL,2022-03-22 02:25:20.754000,"8,80837501135484",0
352,73000,Enormous Plastic Table,M,2023-08-27 17:41:39.907000,"6,87782364264351",0
353,99000,Enormous Linen Coat,M,2023-12-13 22:21:05.871000,"4,74784178444435",0
354,97000,Intelligent Steel Bag,S,2022-11-26 16:56:51.629000,"9,59230500882583",0
355,89000,Small Rubber Car,L,2024-06-20 23:39:27.023000,"2,50509942584188",0
356,81000,Enormous Iron Chair,M,2024-04-23 19:28:52.568000,"5,13535829494926",0
357,96000,Incredible Silk Pants,XL,2024-12-10 13:07:27.589000,"8,81081778551253",0
358,71000,Durable Rubber Clock,XXS,2020-05-21 04:58:56.154000,"2,34280987475158",0
359,73000,Synergistic Cotton Bag,XS,2021-09-08 09:56:28.182000,"5,58750058307596",0
360,72000,Durable Plastic Shirt,L,2024-05-22 06:12:44.181000,"9,18836107242378",0
361,88000,Mediocre Wool Watch,L,2024-10-12 10:46:48.948000,"2,49663182018151",0
362,90000,Synergistic Wooden Shoes,XXL,2024-04-20 01:18:00.355000,"9,67033860221455",0
363,95000,Awesome Cotton Lamp,XXS,2024-02-29 13:51:57.191000,"2,38599479368935",0
364,90000,Lightweight Marble Coat,XS,2022-03-21 17:52:52.159000,"5,91572383401701",0
365,79000,Sleek Rubber Table,M,2021-10-14 17:13:14.664000,"7,64974489949573",0
366,77000,Incredible Leather Table,M,2022-11-12 03:35:20.442000,"5,49025203742787",0
367,77000,Rustic Granite Shirt,M,2020-03-30 14:47:27.469000,"9,00708084748137",0
368,85000,Practical Paper Shoes,XL,2022-03-20 07:02:27.385000,"7,5830174538633",0
369,82000,Small Plastic Computer,M,2020-01-30 16:26:09.395000,"8,90201567161587",0
370,76000,Fantastic Wooden Lamp,M,2024-04-26 21:21:25.763000,"2,16509838610095",0
371,90000,Gorgeous Iron Wallet,XXL,2023-02-26 06:32:41.213000,"5,93550332170311",0
372,88000,Fantastic Iron Watch,XS,2021-09-01 10:50:36.380000,"0,300118993237065",0
373,71000,Enormous Iron Bag,XL,2021-03-01 02:30:02.010000,"2,03287613993415",0
374,95000,Mediocre Leather Wallet,L,2024-02-14 05:57:10.460000,"0,756294452080611",0
375,86000,Gorgeous Marble Chair,XXL,2023-11-09 01:51:49.388000,"8,70050728292957",0
376,71000,Synergistic Silk Bench,L,2023-01-18 14:29:21.122000,"9,36730243831533",0
377,87000,Practical Copper Wallet,M,2024-09-28 07:07:31.673000,"4,43593154908802",0
378,79000,Rustic Silk Pants,L,2024-12-19 01:38:16.636000,"2,47391262625877",0
379,84000,Heavy Duty Silk Keyboard,XXS,2024-06-01 20:13:01.449000,"0,758521484541016",0
380,97000,Gorgeous Aluminum Wallet,XXS,2023-06-27 10:05:51.870000,"0,896571295215434",0
381,73000,Aerodynamic Iron Pants,M,2023-08-21 18:41:59.218000,"5,37147044078049",0
382,73000,Durable Bronze Shirt,XL,2024-05-01 05:11:24.373000,"3,31447618649135",0
383,70000,Enormous Copper Coat,XL,2020-10-09 19:38:21.722000,"3,75281357870613",0
384,75000,Synergistic Plastic Knife,S,2024-09-30 13:19:16.491000,"6,38559440339403",0
385,90000,Practical Bronze Pants,XXS,2021-02-12 04:08:23.124000,"2,40782033292362",0
386,87000,Enormous Concrete Coat,M,2023-06-20 04:28:49.879000,"5,54348965543519",0
387,95000,Mediocre Wooden Table,XXL,2023-01-12 12:09:59.892000,"8,21431693604941",0
388,88000,Practical Aluminum Lamp,XXL,2024-01-06 07:07:26.815000,"4,336244760586",0
389,81000,Heavy Duty Leather Pants,XXL,2021-06-21 09:59:13.959000,"7,59882422274968",0
390,97000,Mediocre Concrete Shirt,M,2024-04-20 13:24:16.626000,"9,42105637460099",0
391,77000,Heavy Duty Aluminum Knife,XXS,2023-10-02 16:40:08.851000,"5,31689532582876",0
392,79000,Incredible Rubber Plate,XS,2021-04-11 09:06:20.860000,"9,89861145150243",0
393,76000,Fantastic Steel Hat,L,2023-03-09 01:41:09.877000,"3,12508378816794",0
394,84000,Intelligent Cotton Bench,L,2022-04-27 06:33:04.055000,"1,05191795956029",0
395,77000,Awesome Iron Watch,L,2022-10-28 07:03:41.047000,"0,394655631149818",0
396,87000,Sleek Wooden Shoes,XXS,2020-03-18 09:34:13.730000,"5,14936359330553",0
397,98000,Intelligent Aluminum Hat,S,2022-12-09 21:18:38.258000,"6,63133264160416",0
398,88000,Awesome Granite Bench,L,2020-08-11 12:24:18.235000,"1,12871462319304",0
399,97000,Ergonomic Copper Plate,XXL,2020-11-12 05:48:53.760000,"5,58969662414526",0
400,83000,Awesome Steel Bottle,XXL,2021-09-02 11:30:35.332000,"1,51152211870794",0
401,92000,Lightweight Steel Coat,M,2022-02-28 17:29:08.845000,"2,25336283597271",0
402,73000,Incredible Concrete Bench,XL,2020-12-07 03:45:51.577000,"8,52606529269584",0
403,91000,Heavy Duty Wooden Plate,S,2022-07-18 15:22:28.033000,"1,26022872237514",0
404,77000,Small Wool Watch,XXL,2022-12-19 03:16:01.494000,"8,81875822369159",0
405,96000,Aerodynamic Iron Computer,XL,2024-08-22 08:46:19.727000,"2,79060563986006",0
406,93000,Intelligent Wooden Plate,XL,2023-09-21 22:02:08.787000,"4,79425984235256",0
407,95000,Heavy Duty Aluminum Bag,S,2021-12-14 21:43:30.369000,"4,34596646191931",0
408,94000,Awesome Marble Plate,M,2021-12-18 05:48:23.807000,"7,68215282593004",0
409,76000,Aerodynamic Marble Watch,XXL,2020-12-03 23:17:54.513000,"9,98518468679395",0
410,98000,Practical Plastic Gloves,XXS,2024-06-18 07:42:10.197000,"2,05696903758781",0
411,93000,Lightweight Steel Keyboard,L,2020-06-24 20:34:39.344000,"7,58624457828197",0
412,81000,Sleek Plastic Coat,L,2020-11-24 05:12:58.417000,"1,93303165597415",0
413,95000,Aerodynamic Cotton Coat,XS,2021-06-11 08:25:36.763000,"6,8424815619254",0
414,92000,Rustic Bronze Lamp,XS,2023-12-04 05:03:41.654000,"3,46515890289315",0
415,71000,Enormous Steel Watch,S,2020-02-18 04:16:37.316000,"6,35274496829932",0
416,85000,Lightweight Cotton Chair,XS,2022-01-08 00:41:47.922000,"0,35067170562033",0
417,82000,Incredible Plastic Watch,M,2023-05-01 12:40:39.639000,"9,73216889283827",0
418,75000,Ergonomic Wool Keyboard,L,2024-04-03 16:14:50.459000,"9,57722182811881",0
419,75000,Small Aluminum Plate,XS,2020-09-30 01:19:24.788000,"5,88947958318353",0
420,93000,Fantastic Paper Car,XXL,2024-06-17 04:09:19.317000,"3,49009385800741",0
421,90000,Heavy Duty Cotton Coat,L,2021-10-17 23:55:06.613000,"7,4826987298139",0
422,85000,Awesome Granite Knife,XS,2024-08-05 09:13:40.889000,"1,36121572071749",0
423,87000,Awesome Iron Clock,XXS,2024-09-01 17:29:44.525000,"0,561585278214708",0
424,87000,Synergistic Marble Bench,XS,2020-09-19 23:57:46.538000,"3,52879103634908",0
425,75000,Awesome Concrete Hat,XL,2023-07-26 00:22:11.352000,"0,455914004745293",0
426,74000,Fantastic Wool Computer,S,2020-10-04 14:39:48.982000,"3,67100706411562",0
427,97000,Mediocre Concrete Table,M,2020-10-26 18:55:42.129000,"9,20901168229042",0
428,87000,Enormous Steel Lamp,XL,2020-09-27 02:17:30.958000,"2,52219567564717",0
429,93000,Aerodynamic Wooden Shoes,XS,2022-12-14 14:40:54.782000,"4,72633571515514",0
430,91000,Heavy Duty Bronze Gloves,XXS,2020-03-15 23:16:28.909000,"3,86339356623292",0
431,82000,Durable Linen Shoes,L,2020-09-10 10:01:20.046000,"3,49704100806037",0
432,76000,Heavy Duty Aluminum Bench,L,2022-10-01 15:29:48.864000,"7,20650164830019",0
433,95000,Mediocre Wooden Shoes,S,2024-10-15 09:36:52.429000,"8,58771340400313",0
434,97000,Aerodynamic Bronze Plate,XXL,2020-07-05 12:58:19.084000,"8,07140980837339",0
435,81000,Durable Granite Wallet,XXL,2021-07-21 02:03:59.035000,"4,14869733355964",0
436,86000,Small Copper Gloves,S,2021-08-28 20:20:17.937000,"8,84664530849466",0
437,89000,Practical Cotton Hat,XS,2020-05-20 18:48:05.018000,"1,40247355217467",0
438,95000,Incredible Marble Lamp,XXS,2020-11-20 09:30:25.307000,"2,92721293344033",0
439,72000,Small Wool Bench,XXL,2020-03-16 20:13:52.141000,"1,22879138810675",0
440,72000,Mediocre Paper Hat,M,2024-01-02 06:53:40.951000,"3,48124965001524",0
441,95000,Gorgeous Leather Plate,L,2022-05-26 08:29:05.812000,"1,97805017361467",0
442,84000,Enormous Bronze Plate,XS,2023-11-27 04:08:46.363000,"2,44003550863388",0
443,81000,Lightweight Steel Wallet,XS,2023-05-01 02:11:25.465000,"9,34482573989039",0
444,71000,Practical Plastic Coat,M,2020-03-20 20:52:41.790000,"1,93105927248431",0
445,87000,Sleek Cotton Pants,M,2024-02-27 12:03:09.774000,"3,2426508304452",0
446,88000,Lightweight Paper Lamp,XXL,2020-11-01 10:50:38.568000,"2,72923359644279",0
447,70000,Heavy Duty Cotton Clock,M,2020-02-04 15:22:32.483000,"2,99965145309472",0
448,73000,Durable Wool Clock,M,2022-06-10 21:39:51.740000,"1,66108167469599",0
449,84000,Gorgeous Cotton Knife,XXL,2021-01-24 13:06:58.347000,"6,68479445780432",0
450,86000,Awesome Concrete Bag,XS,2021-12-16 01:14:53.501000,"4,92746134420426",0
451,77000,Rustic Copper Bottle,XL,2020-03-14 02:47:51.812000,"0,943174515478886",0
452,88000,Ergonomic Linen Bench,XXS,2024-10-12 18:42:31.135000,"5,06498699233576",0
453,96000,Awesome Rubber Clock,XS,2024-08-07 10:41:48.258000,"3,00077248384533",0
454,95000,Practical Wooden Computer,M,2023-03-17 02:11:44.594000,"3,97494627233957",0
455,73000,Heavy Duty Concrete Knife,S,2024-01-11 16:18:38.969000,"8,30301570490207",0
456,92000,Incredible Wooden Pants,L,2020-08-23 10:36:21.828000,"4,51341383191032",0
457,83000,Awesome Steel Chair,XS,2024-09-05 05:58:27.505000,"7,21903903017268",0
458,92000,Awesome Cotton Plate,XXL,2024-11-21 12:41:40.964000,"1,9761850649251",0
459,74000,Incredible Rubber Plate,L,2024-08-16 01:24:12.710000,"5,67737845093277",0
460,81000,Practical Granite Shoes,XL,2021-06-27 13:12:53.926000,"4,20958313174985",0
461,85000,Synergistic Steel Hat,M,2021-11-05 11:47:35.198000,"0,452123993041319",0
462,77000,Lightweight Linen Bottle,XXL,2021-09-28 16:51:14.513000,"6,03526904346172",0
463,93000,Practical Copper Watch,XL,2021-05-02 06:14:54.251000,"8,27800570822442",0
464,99000,Enormous Granite Computer,M,2021-11-26 20:20:12.817000,"3,55152245184532",0
465,98000,Gorgeous Leather Shirt,XXL,2022-06-27 23:57:41.097000,"3,99248486684524",0
466,99000,Small Aluminum Chair,L,2021-08-19 17:54:05.534000,"5,09914676392126",0
467,74000,Lightweight Steel Plate,XL,2023-09-14 09:11:13.502000,"4,25095510803395",0
468,94000,Lightweight Concrete Lamp,XXS,2023-04-12 13:34:08.562000,"4,6565512397991",0
469,95000,Mediocre Marble Shirt,M,2022-09-09 10:29:04.015000,"3,78210506974786",0
470,87000,Heavy Duty Marble Bag,XL,2024-02-23 13:33:59.575000,"8,89361704324127",0
471,95000,Practical Cotton Pants,M,2024-01-06 06:45:25.542000,"9,17685140649741",0
472,96000,Small Wool Coat,S,2020-11-11 01:24:55.885000,"2,55065252942512",0
473,85000,Fantastic Rubber Watch,M,2020-07-01 17:15:45.272000,"1,44659170198813",0
474,97000,Intelligent Concrete Table,XXS,2022-04-27 00:47:57.778000,"4,52522532982868",0
475,85000,Mediocre Rubber Car,XXS,2023-02-10 14:55:25.304000,"3,23474291102673",0
476,89000,Sleek Granite Table,S,2024-01-28 21:28:10.698000,"9,29741641649436",0
477,86000,Practical Aluminum Bag,M,2022-07-27 00:00:11.201000,"8,09735422988516",0
478,89000,Durable Iron Hat,XXL,2023-09-12 22:07:44.080000,"7,60370691213928",0
479,91000,Practical Wool Watch,XS,2022-06-07 11:51:04.683000,"7,4427477387781",0
480,97000,Mediocre Silk Clock,L,2023-07-31 08:16:04.588000,"8,22235751808452",0
481,73000,Fantastic Aluminum Pants,XXL,2021-03-13 23:21:58.308000,"3,18688943223752",0
482,79000,Heavy Duty Copper Lamp,XXS,2022-11-18 15:01:13.729000,"7,81838898423728",0
483,75000,Practical Concrete Bag,L,2021-03-28 08:15:00.343000,"6,81996098881955",0
484,75000,Enormous Iron Keyboard,XXL,2020-04-24 09:19:57.088000,"8,65285805349483",0
485,73000,Small Marble Computer,S,2023-03-10 06:49:50.723000,"3,28452934577676",0
486,84000,Awesome Plastic Chair,XXL,2020-11-02 02:19:37.186000,"2,68783675967142",0
487,91000,Sleek Steel Bottle,L,2024-02-12 11:53:14.699000,"3,45257886801011",0
488,92000,Mediocre Copper Gloves,XXS,2021-11-19 12:42:17.454000,"5,01500012853247",0
489,85000,Gorgeous Wooden Table,XXS,2023-08-02 15:48:07.700000,"5,27310474377154",0
490,83000,Mediocre Wooden Lamp,M,2023-01-10 17:47:07.653000,"5,98657147981798",0
491,70000,Gorgeous Concrete Gloves,XXL,2024-03-08 17:56:46.285000,"1,10355814038484",0
492,73000,Durable Iron Table,XXL,2021-01-27 08:07:54.255000,"7,19960282578167",0
493,83000,Gorgeous Wooden Gloves,XL,2021-03-21 05:54:33.768000,"5,40752863841854",0
494,94000,Heavy Duty Plastic Computer,XL,2020-03-31 11:02:53.486000,"3,84178012205465",0
495,88000,Mediocre Concrete Chair,S,2020-10-31 23:41:08.651000,"7,43565168059288",0
496,91000,Mediocre Paper Clock,XL,2022-08-08 16:34:30.171000,"1,22612980755516",0
497,90000,Fantastic Leather Chair,S,2021-11-13 13:44:14.100000,"9,25927680221525",0
498,96000,Enormous Wool Shirt,XL,2020-06-23 02:43:26.357000,"9,96840028887517",0
499,88000,Awesome Wooden Bag,XXS,2023-02-25 21:40:00.158000,"2,13045892243899",0
500,83000,Gorgeous Bronze Pants,S,2021-06-15 17:45:46.461000,"0,225159714400823",0
501,72000,Incredible Bronze Pants,XS,2023-11-05 06:48:32.961000,"3,36396421129143",0
502,73000,Gorgeous Linen Bench,XXS,2021-01-21 22:03:00.556000,"8,711240722735",0
503,71000,Intelligent Wooden Bottle,M,2024-07-23 11:19:28.959000,"5,46575798857999",0
504,91000,Practical Bronze Bottle,XL,2020-06-19 10:00:39.620000,"9,54931984180348",0
505,74000,Fantastic Cotton Bag,XXL,2024-06-19 15:58:44.688000,"7,99036293170222",0
506,78000,Mediocre Bronze Computer,XS,2021-12-08 03:04:54.334000,"5,61544413814818",0
507,94000,Fantastic Iron Lamp,S,2021-06-20 23:39:33.122000,"8,78768205479327",0
508,70000,Synergistic Plastic Wallet,XXL,2021-07-06 17:28:44.281000,"9,77570656955428",0
509,72000,Fantastic Leather Keyboard,M,2024-01-24 23:48:41.958000,"5,96802692670097",0
510,89000,Intelligent Iron Knife,XL,2024-01-01 08:11:41.010000,"6,06268662812165",0
511,96000,Enormous Marble Hat,S,2024-04-09 16:32:35.408000,"4,00342882931209",0
512,94000,Practical Wool Gloves,XXL,2023-01-27 15:03:39.400000,"7,70591806324062",0
513,70000,Enormous Iron Hat,S,2021-06-29 03:58:01.366000,"2,174602642547",0
514,84000,Ergonomic Rubber Knife,XL,2020-07-18 02:54:18.539000,"1,56431749791461",0
515,95000,Aerodynamic Granite Lamp,XXS,2024-06-03 04:37:54.882000,"0,741227371787179",0
516,70000,Durable Copper Hat,XS,2022-10-30 11:47:38.812000,"5,807895430873",0
517,70000,Rustic Granite Bench,XL,2023-01-03 06:52:00.748000,"4,76575210763375",0
518,98000,Intelligent Wool Keyboard,XXS,2021-06-22 19:50:59.213000,"3,70841143874726",0
519,81000,Lightweight Linen Hat,L,2021-07-22 21:35:55.128000,"8,34455338365879",0
520,92000,Intelligent Wool Plate,XS,2020-09-26 22:05:38.060000,"4,65423531507284",0
521,80000,Gorgeous Marble Pants,L,2021-06-02 22:41:12.726000,"4,91770721838935",0
522,96000,Mediocre Paper Watch,XL,2020-09-10 13:46:04.766000,"2,27276895243829",0
523,71000,Enormous Silk Lamp,M,2023-07-18 15:39:54.775000,"1,20754294607815",0
524,83000,Awesome Cotton Plate,XS,2024-03-07 23:43:50.956000,"9,11889627607619",0
525,70000,Enormous Bronze Bottle,M,2024-09-12 05:56:17.070000,"2,58232850515533",0
526,77000,Gorgeous Plastic Plate,XXL,2024-07-14 11:57:40.038000,"0,157108621087759",0
527,81000,Fantastic Copper Bottle,XXL,2021-10-05 00:05:41.474000,"2,24838263602346",0
528,90000,Rustic Linen Hat,XXL,2024-10-17 09:27:24.737000,"0,792108681036528",0
529,83000,Enormous Wool Table,S,2024-12-25 09:59:19.587000,"9,6635835088961",0
530,92000,Sleek Aluminum Hat,S,2021-12-31 10:17:34.836000,"0,99033665536088",0
531,86000,Gorgeous Iron Watch,XS,2022-02-24 05:26:56.240000,"2,98070895566847",0
532,79000,Rustic Marble Shirt,L,2022-06-18 14:45:47.700000,"9,29194688873562",0
533,96000,Gorgeous Paper Lamp,XXS,2022-02-27 00:22:55.174000,"9,90871825888805",0
534,79000,Practical Granite Pants,XXL,2023-07-08 16:16:28.670000,"3,04129180305148",0
535,85000,Sleek Concrete Car,XS,2021-08-19 12:10:17.996000,"8,79101598053971",0
536,88000,Mediocre Leather Computer,S,2021-10-09 15:05:26.818000,"5,17783062518891",0
537,99000,Lightweight Steel Watch,XL,2024-09-17 17:45:44.433000,"4,70724423957381",0
538,73000,Fantastic Marble Plate,L,2020-06-30 19:39:26.180000,"5,79021684328651",0
539,82000,Small Cotton Watch,XXS,2023-04-14 21:53:32.971000,"7,10480747111795",0
540,92000,Durable Wool Shirt,XXS,2023-10-19 08:52:10.093000,"3,23667022731757",0
541,96000,Synergistic Steel Chair,M,2024-08-12 01:22:43.154000,"1,29642910610203",0
542,74000,Ergonomic Aluminum Pants,M,2020-06-24 13:49:53.969000,"7,75619547846717",0
543,92000,Enormous Steel Keyboard,XL,2020-03-10 16:46:44.358000,"6,16828063655445",0
544,86000,Enormous Iron Hat,XS,2020-11-02 07:54:55.091000,"9,6460106683584",0
545,92000,Lightweight Granite Watch,M,2022-10-16 04:27:50.742000,"6,99192391330049",0
546,86000,Synergistic Paper Gloves,XXL,2021-11-27 01:12:51.519000,"3,73768244896306",0
547,70000,Ergonomic Iron Shirt,M,2024-10-26 12:13:19.448000,"4,53503549025789",0
548,91000,Small Concrete Bench,XXS,2024-07-01 09:13:46.712000,"4,17711515691996",0
549,98000,Enormous Paper Knife,M,2021-05-30 04:47:13.969000,"9,01175912931566",0
550,75000,Small Marble Coat,XXL,2020-03-10 13:07:41.719000,"7,7136342564344",0
551,90000,Lightweight Copper Gloves,XXS,2021-08-05 20:21:15.314000,"4,16959041947701",0
552,80000,Small Rubber Gloves,XL,2023-11-27 19:14:34.882000,"4,4496292395624",0
553,81000,Fantastic Copper Pants,XXS,2022-12-02 20:38:46.794000,"3,3790899988186",0
554,99000,Intelligent Steel Shoes,XXS,2023-09-11 20:49:22.417000,"8,03656618641898",0
555,84000,Mediocre Wool Table,XXS,2024-12-31 16:21:58.139000,"1,9077771405217",0
556,74000,Lightweight Aluminum Bench,XL,2024-04-30 23:05:25.665000,"8,31043171208046",0
557,83000,Rustic Granite Plate,XS,2021-07-20 16:14:13.316000,"1,66673937268761",0
558,84000,Gorgeous Bronze Computer,XS,2024-09-11 10:02:09.501000,"3,65784037159566",0
559,99000,Fantastic Plastic Hat,L,2024-12-04 11:18:56.900000,"7,0847079453213",0
560,90000,Awesome Paper Shoes,L,2024-10-09 01:06:39.849000,"3,879323313972",0
561,95000,Incredible Steel Lamp,XS,2020-03-22 09:07:56.265000,"6,13138477443105",0
562,97000,Small Copper Hat,L,2020-03-27 15:37:50.463000,"2,9416017133284",0
563,87000,Intelligent Plastic Car,XXS,2020-02-05 17:28:35.528000,"6,82880278190494",0
564,79000,Mediocre Granite Table,XXS,2024-12-14 16:52:57.693000,"5,03354945442461",0
565,70000,Enormous Bronze Table,XXS,2020-10-31 22:42:00.880000,"0,175284266533065",0
566,71000,Synergistic Granite Watch,S,2020-12-07 17:34:55.984000,"2,03629190957778",0
567,84000,Awesome Iron Car,M,2020-01-01 02:30:28.033000,"8,95204253848544",0
568,97000,Lightweight Plastic Coat,XS,2022-03-21 22:29:40.553000,"8,12440439785426",0
569,93000,Enormous Copper Knife,XXS,2022-02-08 14:22:45.037000,"0,938830694368916",0
570,80000,Small Leather Knife,XXS,2023-10-11 09:24:58.310000,"2,83163071958564",0
571,91000,Durable Rubber Chair,XL,2021-07-14 00:13:32.262000,"4,04185869572566",0
572,77000,Small Wooden Plate,S,2020-09-10 12:39:00.428000,"1,56537518408405",0
573,98000,Fantastic Rubber Keyboard,M,2023-06-25 18:53:11.192000,"2,47325279390835",0
574,78000,Small Bronze Clock,XL,2021-11-06 03:04:25.266000,"0,685795609290159",0
575,74000,Heavy Duty Copper Bag,XXS,2022-06-03 08:12:28.865000,"6,44886912432603",0
576,93000,Intelligent Silk Gloves,XS,2021-11-28 14:27:09.200000,"8,28070278586774",0
577,76000,Lightweight Wool Table,S,2024-06-20 16:28:12.086000,"8,14303749224346",0
578,70000,Incredible Aluminum Chair,XXS,2022-12-12 01:21:15.842000,"1,31432897801868",0
579,79000,Synergistic Plastic Coat,XL,2024-08-14 11:34:02.158000,"4,29557475095836",0
580,80000,Heavy Duty Steel Pants,XS,2022-03-05 12:51:14.840000,"7,12630415740699",0
581,77000,Rustic Aluminum Lamp,XS,2022-03-08 05:56:52.197000,"5,85534899397697",0
582,91000,Rustic Marble Computer,XXS,2024-01-10 00:19:38.947000,"2,604272141911",0
583,80000,Ergonomic Wooden Computer,S,2020-11-25 17:13:31.183000,"6,86709229413342",0
584,96000,Aerodynamic Paper Car,S,2024-11-14 04:00:03.764000,"4,63401687465768",0
585,70000,Ergonomic Rubber Bench,XXS,2023-03-14 22:27:29.476000,"9,81041844634459",0
586,96000,Ergonomic Rubber Table,XXS,2021-05-06 10:08:19.524000,"3,35430193663504",0
587,75000,Fantastic Aluminum Bottle,XXL,2020-11-26 21:10:31.018000,"2,23107034110748",0
588,94000,Lightweight Rubber Gloves,S,2022-11-25 19:08:45.203000,"2,28229646202163",0
589,95000,Awesome Rubber Coat,XL,2020-02-28 12:45:12.064000,"1,32923905868025",0
590,95000,Intelligent Steel Bench,S,2024-04-17 17:03:22.297000,"5,12510866451884",0
591,97000,Incredible Linen Watch,L,2020-05-03 02:36:48.325000,"9,74723602273848",0
592,87000,Sleek Concrete Hat,XL,2020-02-06 00:00:02.805000,"1,09744363134127",0
593,97000,Ergonomic Rubber Shoes,XXS,2021-10-25 04:17:21.338000,"7,83400618163215",0
594,71000,Small Silk Shoes,XXS,2023-02-28 08:36:27.066000,"8,0577349235898",0
595,98000,Gorgeous Steel Clock,XXS,2020-08-15 22:38:04.953000,"7,78455446047809",0
596,92000,Incredible Cotton Car,XS,2024-05-26 12:10:53.052000,"9,73403939244989",0
597,92000,Ergonomic Marble Pants,XXL,2023-06-09 15:47:41.076000,"5,22032583819797",0
598,90000,Sleek Concrete Keyboard,S,2021-02-12 22:49:00.007000,"3,6108945192723",0
599,81000,Incredible Linen Lamp,XXL,2021-05-13 13:58:59.346000,"2,40343665801695",0
600,84000,Awesome Granite Shoes,S,2020-10-15 15:01:14.270000,"3,44556128470939",0
601,76000,Durable Marble Computer,XXS,2024-05-05 02:50:27.034000,"4,48990334171126",0
602,78000,Intelligent Rubber Gloves,XXL,2021-11-09 10:59:35.658000,"0,573738832327565",0
603,90000,Lightweight Marble Pants,S,2020-06-28 07:41:17.735000,"9,99251891713305",0
604,83000,Gorgeous Aluminum Chair,XS,2024-05-18 18:01:04.442000,"6,34107111085485",0
605,88000,Incredible Steel Bench,XS,2024-07-08 02:36:52.174000,"3,16313021323738",0
606,95000,Intelligent Bronze Clock,XS,2024-04-22 14:50:59.993000,"0,45965796402298",0
607,83000,Incredible Rubber Coat,XXL,2021-04-01 05:17:36.181000,"1,81221074619565",0
608,76000,Mediocre Wool Clock,XXL,2021-11-14 16:04:03.396000,"8,95314766404483",0
609,80000,Sleek Linen Chair,XL,2020-04-24 06:49:18.093000,"6,86458567057221",0
610,72000,Lightweight Aluminum Car,XXS,2024-10-31 11:19:34.327000,"0,154505645312824",0
611,73000,Durable Marble Clock,S,2023-10-31 23:24:15.671000,"8,42507788902935",0
612,71000,Durable Marble Gloves,XXL,2023-09-10 10:07:32.255000,"4,06788001112108",0
613,94000,Synergistic Silk Lamp,L,2023-05-01 21:36:49.309000,"1,5369249671138",0
614,93000,Durable Concrete Shirt,XXS,2020-11-13 15:18:07.445000,"9,96303682671339",0
615,70000,Lightweight Linen Keyboard,S,2023-03-04 14:48:39.073000,"8,76626079061996",0
616,96000,Awesome Iron Shoes,S,2020-05-04 09:33:20.006000,"1,12750670654017",0
617,90000,Practical Copper Bag,XXL,2022-08-02 13:28:25.753000,"9,11018881123654",0
618,99000,Incredible Wool Plate,S,2022-04-08 06:29:59.642000,"0,807590101030777",0
619,95000,Heavy Duty Cotton Watch,XS,2020-04-14 18:18:48.667000,"8,66556471062711",0
620,87000,Durable Wooden Watch,M,2021-08-15 09:39:17.285000,"8,77662002500906",0
621,84000,Ergonomic Granite Bench,XS,2020-03-11 04:38:32.308000,"8,66682676951774",0
622,97000,Sleek Iron Chair,XXS,2020-11-26 20:33:58.172000,"4,77020003024443",0
623,83000,Aerodynamic Granite Bag,XXL,2024-12-21 08:42:24.345000,"6,41190372786913",0
624,84000,Aerodynamic Steel Car,XL,2023-10-07 17:31:45.482000,"8,13448359288968",0
625,89000,Mediocre Marble Knife,XS,2022-04-23 01:54:47.402000,"6,80762064970997",0
626,84000,Small Rubber Wallet,XXS,2024-06-04 14:56:20.393000,"6,92363924746482",0
627,75000,Aerodynamic Plastic Chair,L,2022-08-28 17:10:06.935000,"1,73318319729045",0
628,90000,Awesome Cotton Plate,XXS,2021-11-07 10:28:14.132000,"7,46776592564251",0
629,82000,Durable Iron Plate,XXS,2022-08-08 11:45:21.029000,"8,03604880050391",0
630,92000,Small Marble Clock,XXS,2022-04-02 11:14:15.078000,"5,97189626420795",0
631,92000,Small Leather Shoes,XL,2022-06-08 05:50:58.099000,"1,81912536406776",0
632,99000,Enormous Wooden Hat,S,2023-06-08 22:43:20.070000,"7,73442647358878",0
633,94000,Heavy Duty Silk Hat,S,2021-08-25 07:47:00.299000,"3,80616514512104",0
634,99000,Fantastic Wooden Knife,M,2023-05-23 02:00:32.595000,"7,94124761351736",0
635,90000,Heavy Duty Granite Shirt,M,2020-10-18 09:44:04.963000,"7,97764790287421",0
636,89000,Intelligent Granite Car,S,2024-07-04 17:15:14.010000,"3,05398465337393",0
637,70000,Enormous Iron Plate,L,2021-08-24 19:04:34.950000,"1,35816543948529",0
638,77000,Sleek Linen Shirt,S,2020-12-05 22:22:33.129000,"9,84468824249033",0
639,89000,Ergonomic Marble Car,L,2022-07-08 12:35:36.342000,"5,7891483664732",0
640,72000,Sleek Plastic Knife,M,2022-06-18 11:26:11.956000,"8,07155563644347",0
641,93000,Ergonomic Wool Chair,XL,2023-05-07 15:08:34.348000,"0,339954378700422",0
642,96000,Intelligent Concrete Knife,S,2022-07-06 04:33:02.625000,"2,06048849531595",0
643,78000,Small Wool Bench,M,2023-01-08 13:04:11.752000,"1,9671504803286",0
644,91000,Lightweight Marble Plate,XXL,2023-07-08 07:59:20.721000,"2,89874841947201",0
645,77000,Small Granite Clock,XS,2023-12-15 23:58:34.861000,"3,24282952480678",0
646,96000,Durable Aluminum Clock,XXS,2023-11-01 04:02:16.339000,"3,25577121470777",0
647,93000,Heavy Duty Marble Wallet,M,2023-12-07 15:42:21.502000,"3,19681246195803",0
648,97000,Aerodynamic Iron Hat,S,2022-08-07 20:38:52.763000,"0,651597857908039",0
649,79000,Fantastic Silk Car,XL,2024-06-21 07:35:58.428000,"8,39600996959457",0
650,76000,Ergonomic Paper Table,XS,2023-03-21 15:09:59.479000,"0,880700896949863",0
651,99000,Heavy Duty Linen Lamp,L,2022-08-03 08:17:42.080000,"7,3805465806983",0
652,80000,Synergistic Copper Car,S,2020-11-01 00:48:34.812000,"2,2421750265265",0
653,91000,Incredible Marble Shoes,XXL,2021-05-28 07:59:19.221000,"3,18544230025445",0
654,72000,Aerodynamic Marble Plate,XXL,2022-05-20 02:50:48.266000,"2,52450964736756",0
655,98000,Lightweight Silk Plate,XXL,2022-02-17 02:55:25.172000,"1,9603799806575",0
656,88000,Awesome Bronze Keyboard,L,2023-11-20 21:53:55.149000,"8,60479792713675",0
657,90000,Small Steel Hat,XXL,2021-12-13 04:28:00.845000,"1,86238037768076",0
658,91000,Synergistic Wool Lamp,XXL,2020-05-20 09:46:35.344000,"6,84195871522939",0
659,73000,Incredible Cotton Bench,XL,2020-01-15 21:43:13.912000,"5,46768127281539",0
660,76000,Small Plastic Knife,XXL,2024-02-04 22:54:09.961000,"3,91364896915047",0
661,81000,Heavy Duty Marble Plate,L,2023-09-17 13:53:28.985000,"9,38073851957881",0
662,78000,Rustic Linen Watch,XS,2021-02-03 00:53:18.451000,"7,05251376004238",0
663,89000,Ergonomic Copper Gloves,XL,2023-09-19 05:51:59.320000,"1,86440407061118",0
664,82000,Rustic Silk Computer,XXL,2021-06-08 09:21:48.387000,"2,14483117822824",0
665,71000,Mediocre Copper Gloves,M,2022-11-05 10:20:01.109000,"3,07659438152544",0
666,99000,Practical Cotton Lamp,L,2022-11-26 21:17:37.541000,"2,07379196064661",0
667,85000,Durable Silk Bottle,XXL,2023-10-28 11:02:19.150000,"2,51142900828577",0
668,91000,Sleek Copper Chair,XS,2024-10-27 17:29:48.112000,"8,36274625233473",0
669,71000,Small Steel Shirt,XS,2023-10-28 06:21:35.957000,"1,40197430017245",0
670,74000,Rustic Rubber Chair,XXS,2021-01-17 06:31:19.079000,"1,04856917242763",0
671,99000,Rustic Granite Knife,XL,2023-09-02 03:38:30.169000,"0,61458042178073",0
672,88000,Fantastic Wooden Keyboard,XL,2021-12-13 15:20:24.450000,"3,36757442395349",0
673,85000,Sleek Cotton Table,XL,2022-03-03 22:02:30.505000,"6,99704151786788",0
674,84000,Fantastic Cotton Knife,M,2022-03-22 17:10:44.742000,"9,64221707571454",0
675,85000,Fantastic Concrete Keyboard,XXS,2023-01-13 15:11:06.548000,"2,28808599920325",0
676,73000,Intelligent Granite Computer,XXS,2022-02-19 23:07:54.514000,"8,66092703042786",0
677,72000,Enormous Leather Lamp,XXS,2021-12-29 03:07:59.721000,"1,28828534073853",0
678,98000,Ergonomic Paper Pants,S,2022-06-05 20:05:15.199000,"7,76100121800275",0
679,95000,Lightweight Paper Plate,XXL,2021-09-12 11:53:57.560000,"5,82773851705678",0
680,82000,Intelligent Linen Lamp,XL,2023-10-24 04:27:59.641000,"4,82219465261652",0
681,93000,Synergistic Silk Lamp,M,2020-01-19 16:36:28.769000,"7,88869432952955",0
682,83000,Aerodynamic Aluminum Bag,XXS,2023-09-08 18:05:59.391000,"7,5326379059254",0
683,91000,Practical Aluminum Hat,M,2022-02-18 03:24:46.605000,"8,59244776334136",0
684,85000,Mediocre Marble Shirt,XL,2022-04-21 20:33:08.283000,"3,27371171492834",0
685,89000,Ergonomic Plastic Wallet,M,2023-01-08 10:16:55.767000,"9,33282389477301",0
686,74000,Intelligent Wool Gloves,XL,2022-11-27 10:57:19.753000,"0,365211381921391",0
687,95000,Lightweight Copper Clock,M,2023-02-12 12:32:03.914000,"3,45580166128688",0
688,93000,Intelligent Bronze Car,S,2020-07-30 22:56:09.696000,"8,22650284941196",0
689,96000,Durable Paper Bag,L,2024-11-04 16:58:23.544000,"8,69871239378963",0
690,79000,Enormous Wool Watch,XS,2022-11-25 21:05:18.772000,"3,89412218355863",0
691,73000,Intelligent Granite Coat,XS,2024-07-25 11:49:24.717000,"4,91206924140676",0
692,79000,Heavy Duty Steel Coat,M,2020-09-01 00:27:30.048000,"3,84172312211095",0
693,91000,Durable Leather Bench,XS,2023-12-08 04:20:12.258000,"1,35622514736425",0
694,79000,Durable Linen Shirt,M,2020-08-13 08:39:57.072000,"8,19582247327017",0
695,77000,Mediocre Wooden Bottle,XL,2024-09-04 10:50:24.821000,"5,93254765432043",0
696,72000,Ergonomic Aluminum Bottle,L,2020-11-26 04:03:24.954000,"7,67276642126412",0
697,71000,Heavy Duty Linen Gloves,M,2023-10-15 11:07:59.819000,"0,632520747041762",0
698,88000,Durable Iron Table,S,2020-06-23 19:38:06.852000,"8,42301344072583",0
699,84000,Enormous Wool Computer,XXL,2021-04-28 16:16:19.867000,"8,63749579894079",0
700,74000,Sleek Rubber Clock,XXS,2023-10-16 20:54:09.857000,"2,59933575374702",0
701,95000,Awesome Steel Lamp,XS,2020-10-03 10:28:04.431000,"8,70058821932693",0
702,85000,Durable Granite Wallet,XXL,2021-01-14 06:58:20.119000,"9,98734492291748",0
703,82000,Mediocre Copper Table,L,2022-03-01 17:01:51.344000,"6,84241929177116",0
704,79000,Rustic Cotton Bench,XL,2020-08-12 16:26:47.763000,"4,41380751239997",0
705,80000,Durable Granite Computer,XS,2020-12-04 19:05:54.455000,"2,84184003556452",0
706,76000,Small Leather Gloves,XXL,2021-06-18 12:43:41.674000,"1,21447767140619",0
707,97000,Lightweight Granite Table,S,2023-04-10 14:49:42.544000,"6,38458011779599",0
708,99000,Aerodynamic Wool Knife,XXL,2021-08-31 22:16:14.151000,"7,18142619660819",0
709,88000,Awesome Linen Table,XS,2024-02-12 16:55:12.677000,"3,62507364352998",0
710,75000,Lightweight Wool Pants,XXL,2024-10-17 23:04:01.181000,"8,22381771013388",0
711,86000,Intelligent Bronze Coat,S,2020-04-06 12:54:06.277000,"1,43186437707862",0
712,98000,Small Bronze Lamp,S,2021-02-05 16:06:15.714000,"8,47552575922187",0
713,87000,Synergistic Copper Clock,M,2023-10-04 12:13:00.925000,"6,90429068663606",0
714,99000,Sleek Aluminum Computer,S,2021-10-04 16:32:24.918000,"3,88239369491948",0
715,96000,Rustic Plastic Plate,XXS,2020-04-09 09:08:39.991000,"6,54106085835459",0
716,75000,Aerodynamic Wooden Pants,XL,2023-07-03 02:15:25.574000,"1,54769291435334",0
717,83000,Mediocre Wool Coat,XS,2022-04-03 03:10:47.022000,"5,06989794654581",0
718,75000,Synergistic Iron Shoes,XL,2024-10-10 05:38:37.211000,"6,80004733583664",0
719,83000,Heavy Duty Cotton Wallet,XXS,2022-04-11 09:38:22.223000,"5,49492056861442",0
720,73000,Incredible Copper Coat,M,2021-03-14 04:06:54.952000,"2,02424433360482",0
721,93000,Small Plastic Knife,XS,2021-01-31 06:00:07.423000,"5,38756348111136",0
722,73000,Gorgeous Wool Pants,S,2023-09-14 03:53:12.280000,"9,67843991054237",0
723,77000,Synergistic Steel Clock,S,2020-01-14 08:11:09.356000,"9,16440175785015",0
724,75000,Enormous Silk Pants,XL,2021-01-20 06:16:43.996000,"3,41550055139012",0
725,73000,Synergistic Rubber Chair,XXL,2024-05-15 16:39:59.861000,"0,745804816521412",0
726,85000,Heavy Duty Rubber Bag,XS,2020-11-23 18:11:44.193000,"9,51077098069221",0
727,75000,Awesome Steel Plate,XXL,2020-11-17 01:08:57.854000,"9,55076087566738",0
728,71000,Mediocre Steel Coat,S,2021-01-16 15:49:45.231000,"2,8650471923682",0
729,81000,Enormous Iron Gloves,XS,2021-03-26 18:50:54.337000,"1,95940985352332",0
730,75000,Intelligent Silk Knife,XL,2020-10-15 14:15:44.341000,"8,01600998897937",0
731,92000,Synergistic Copper Shoes,XL,2020-07-29 16:54:45.887000,"9,23998782556021",0
732,76000,Synergistic Leather Bench,S,2023-10-09 04:00:15.824000,"8,8045934847906",0
733,81000,Small Paper Car,S,2023-04-01 11:35:07.783000,"7,30174243772458",0
734,72000,Heavy Duty Iron Clock,S,2024-09-10 23:51:07.260000,"3,76781832180432",0
735,70000,Lightweight Iron Knife,XXL,2021-01-31 06:49:09.456000,"6,25837477807095",0
736,87000,Lightweight Bronze Car,XXL,2022-05-16 01:21:57.579000,"9,21952598881124",0
737,79000,Practical Wool Pants,M,2024-03-12 06:56:57.738000,"6,07496399390916",0
738,89000,Incredible Paper Chair,XXL,2024-06-10 19:34:13.071000,"6,19116178268483",0
739,71000,Small Wooden Hat,XXL,2021-09-04 18:44:11.120000,"1,84419594059337",0
740,78000,Heavy Duty Plastic Plate,XXS,2020-02-24 05:17:46.708000,"3,76675366716705",0
741,74000,Practical Silk Chair,XXS,2022-07-14 01:01:48.212000,"0,229844133770315",0
742,89000,Mediocre Wool Car,XS,2020-12-10 19:23:25.555000,"0,693281587017493",0
743,90000,Rustic Granite Bag,XL,2021-12-27 02:11:16.375000,"2,8534512889338",0
744,93000,Fantastic Linen Lamp,XXS,2021-09-09 17:51:49.339000,"8,55332256506513",0
745,95000,Fantastic Plastic Bench,M,2024-09-27 17:30:53.954000,"7,30848859527203",0
746,95000,Lightweight Wooden Clock,L,2023-07-22 21:12:28.961000,"2,41144468600004",0
747,98000,Incredible Copper Computer,XXS,2020-11-03 04:43:52.882000,"6,93992696087379",0
748,78000,Enormous Marble Pants,L,2021-06-30 20:48:26.882000,"9,21999809678073",0
749,89000,Enormous Wooden Bag,S,2022-03-29 20:18:08.269000,"7,04956056921596",0
750,89000,Aerodynamic Paper Lamp,XL,2021-07-18 23:32:23.876000,"2,87792737655963",0
751,90000,Incredible Granite Bag,XXL,2024-02-23 06:39:59.864000,"9,44544532004705",0
752,74000,Durable Aluminum Wallet,XXL,2020-11-18 05:05:49.001000,"6,6472886707105",0
753,96000,Incredible Cotton Bench,L,2024-04-22 11:43:52.564000,"7,66474096085955",0
754,93000,Lightweight Bronze Pants,XXL,2024-04-12 00:09:43.872000,"7,46875203137115",0
755,78000,Awesome Aluminum Lamp,L,2020-04-10 04:14:56.681000,"0,433353308470195",0
756,84000,Sleek Silk Pants,XS,2021-06-17 12:39:03.010000,"1,33067667786824",0
757,90000,Durable Cotton Bench,L,2023-06-18 04:04:58.854000,"4,12095917542103",0
758,82000,Aerodynamic Wool Bottle,M,2020-03-07 13:39:19.115000,"8,47222764227753",0
759,92000,Lightweight Granite Shoes,XXL,2023-02-28 06:07:21.319000,"4,62797472513627",0
760,93000,Enormous Wooden Coat,M,2021-01-03 08:32:24.229000,"2,16399280800155",0
761,87000,Incredible Aluminum Car,S,2023-09-19 23:22:33.419000,"4,43565416767901",0
762,96000,Lightweight Rubber Shirt,XXS,2020-12-30 03:41:57.114000,"4,557057679637",0
763,80000,Incredible Aluminum Shirt,L,2024-04-22 02:12:15.021000,"7,30143235818522",0
764,78000,Incredible Aluminum Keyboard,S,2024-05-28 16:51:25.602000,"4,93761504322479",0
765,75000,Intelligent Paper Hat,M,2021-03-18 06:58:44.115000,"7,52462279461914",0
766,72000,Synergistic Paper Gloves,XS,2022-10-12 23:54:40.987000,"6,52049472233072",0
767,98000,Small Copper Table,XXS,2020-04-23 12:02:49.965000,"8,52140061019174",0
768,80000,Synergistic Aluminum Pants,L,2024-04-19 07:56:27.854000,"9,24293549930036",0
769,98000,Sleek Wool Bench,XXL,2023-09-17 20:45:35.767000,"4,70645857373266",0
770,75000,Mediocre Concrete Chair,XXL,2024-05-11 15:11:34.714000,"0,697649468039674",0
771,90000,Practical Paper Chair,M,2021-08-14 02:05:57.447000,"9,38583312735391",0
772,93000,Incredible Linen Coat,L,2021-10-05 21:49:13.947000,"6,98742094404722",0
773,85000,Synergistic Iron Table,M,2021-01-23 16:52:31.915000,"4,12483931569693",0
774,98000,Heavy Duty Bronze Table,XL,2021-04-02 02:17:51.491000,"6,81318798107901",0
775,80000,Enormous Wooden Wallet,XS,2020-10-11 12:24:07.780000,"4,7666817550229",0
776,78000,Gorgeous Concrete Shirt,XS,2023-03-11 04:06:28.521000,"3,69883102762681",0
777,88000,Sleek Concrete Computer,XXS,2020-04-17 00:45:14.566000,"6,93921286909876",0
778,93000,Practical Wool Plate,XXL,2021-04-04 11:37:33.634000,"5,34364517681048",0
779,85000,Intelligent Aluminum Table,L,2024-11-14 20:02:11.569000,"5,4296961045084",0
780,94000,Sleek Wool Bench,L,2021-10-31 04:52:21.075000,"0,412223301214358",0
781,80000,Practical Bronze Gloves,XS,2022-01-07 08:55:49.321000,"3,57842736832874",0
782,81000,Mediocre Aluminum Gloves,M,2022-02-13 14:06:09.482000,"9,76212368044076",0
783,78000,Intelligent Linen Pants,XL,2024-04-21 23:52:13.495000,"2,60065483000514",0
784,73000,Small Linen Bench,XL,2020-11-29 18:56:32.615000,"8,35737704445335",0
785,89000,Fantastic Marble Wallet,L,2021-12-06 02:20:58.477000,"5,53703917166324",0
786,87000,Lightweight Wooden Watch,L,2024-10-17 07:09:36.624000,"3,47978511875423",0
787,92000,Mediocre Copper Table,XL,2022-07-07 02:41:09.975000,"7,21331766913742",0
788,98000,Durable Wool Watch,XXS,2021-06-30 07:43:46.741000,"6,68130279914051",0
789,85000,Synergistic Steel Table,S,2021-11-30 22:05:38.888000,"8,11070724887276",0
790,91000,Practical Wooden Keyboard,L,2021-07-22 13:51:06.482000,"0,322844873904058",0
791,87000,Heavy Duty Cotton Gloves,S,2021-09-20 23:03:45.444000,"3,38729243081121",0
792,84000,Durable Copper Clock,S,2022-07-27 23:33:33.378000,"9,97086250649094",0
793,77000,Ergonomic Silk Hat,M,2021-11-02 00:33:08.990000,"4,14571100135883",0
794,76000,Aerodynamic Plastic Gloves,M,2020-06-04 09:38:49.337000,"2,1426761789181",0
795,79000,Ergonomic Marble Pants,XXS,2022-02-11 00:29:01.082000,"8,20466701692759",0
796,70000,Gorgeous Linen Car,XL,2021-07-20 09:22:58.522000,"9,0459538813145",0
797,74000,Sleek Marble Shoes,M,2023-06-26 01:23:20.709000,"9,65594467673646",0
798,90000,Heavy Duty Bronze Bottle,L,2022-11-29 20:36:45.624000,"2,21220059482769",0
799,91000,Sleek Rubber Table,S,2023-04-27 22:02:21.051000,"1,02703126055254",0
800,93000,Intelligent Silk Knife,XXS,2023-06-06 11:50:13.824000,"5,42939462654589",0
801,70000,Durable Silk Gloves,S,2020-04-29 14:11:44.913000,"5,51124298293308",0
802,81000,Synergistic Bronze Car,XS,2020-02-27 04:39:13.072000,"3,38003724311827",0
803,99000,Enormous Plastic Bag,XXL,2022-07-21 21:34:17.737000,"9,28955944775641",0
804,73000,Small Rubber Knife,XXS,2023-06-21 20:20:02.051000,"0,950941086603177",0
805,95000,Incredible Rubber Car,M,2022-01-14 15:01:51.902000,"8,2148259664024",0
806,74000,Intelligent Leather Bottle,XS,2020-07-30 06:29:27.057000,"4,73951919570101",0
807,92000,Sleek Leather Pants,S,2022-04-02 18:35:50.622000,"6,13584380694309",0
808,89000,Mediocre Leather Bench,XXL,2021-04-23 10:54:59.566000,"6,81213842569383",0
809,79000,Synergistic Granite Bottle,XL,2022-02-11 20:55:01.405000,"8,8134619784302",0
810,85000,Fantastic Paper Computer,M,2023-08-16 10:12:12.095000,"5,68152740586471",0
811,95000,Intelligent Plastic Car,XXS,2021-07-03 12:51:09.928000,"6,67187328507164",0
812,77000,Fantastic Silk Lamp,L,2024-01-13 23:55:52.347000,"4,5476307420939",0
813,79000,Mediocre Wooden Car,XL,2023-05-06 08:04:24.118000,"9,1332745835286",0
814,77000,Durable Granite Gloves,S,2021-03-04 17:41:02.447000,"0,645036033075697",0
815,96000,Rustic Wool Bottle,XXL,2022-01-04 20:59:34.529000,"9,65151171675417",0
816,99000,Awesome Linen Clock,L,2020-08-19 01:45:09.541000,"4,71544307275227",0
817,96000,Practical Wooden Knife,S,2024-02-08 19:37:38.621000,"3,3329442540746",0
818,70000,Fantastic Bronze Car,M,2023-01-18 07:51:26.188000,"7,32352974557779",0
819,96000,Ergonomic Iron Chair,S,2024-12-31 05:24:27.691000,"7,31774575925397",0
820,70000,Synergistic Granite Plate,XS,2023-03-10 22:50:10.425000,"5,98228556301841",0
821,93000,Fantastic Granite Keyboard,XS,2023-07-06 17:07:38.416000,"3,11687659493801",0
822,91000,Enormous Rubber Bottle,XS,2022-04-27 16:25:42.778000,"4,31747197931233",0
823,70000,Aerodynamic Cotton Shirt,XL,2021-04-29 23:27:41.161000,"5,41676756504108",0
824,74000,Synergistic Steel Chair,XL,2023-09-24 11:25:33.769000,"0,246000482461896",0
825,72000,Mediocre Marble Chair,XS,2024-02-23 22:34:21.677000,"8,09947864671839",0
826,89000,Rustic Wool Hat,XXS,2024-11-25 11:40:59.477000,"8,62575985819806",0
827,74000,Fantastic Aluminum Chair,XS,2020-10-07 23:00:55.865000,"9,22881548930043",0
828,79000,Rustic Granite Bag,XS,2024-12-06 11:40:21.660000,"5,53095040501053",0
829,97000,Lightweight Leather Lamp,S,2022-04-30 17:43:07.762000,"9,31837493752884",0
830,93000,Practical Cotton Hat,M,2024-02-15 02:55:31.414000,"3,13501507788979",0
831,82000,Awesome Cotton Keyboard,S,2021-07-19 06:29:33.359000,"7,83758518624975",0
832,95000,Ergonomic Copper Gloves,M,2023-02-18 17:55:38.628000,"1,21449654530744",0
833,86000,Lightweight Paper Bag,XXL,2022-07-01 16:11:57.516000,"0,782761662303448",0
834,76000,Rustic Bronze Plate,XXS,2024-01-01 15:15:53.908000,"7,90092995342389",0
835,89000,Lightweight Granite Coat,XXL,2022-01-14 19:32:14.123000,"8,69941495153481",0
836,90000,Practical Wooden Wallet,L,2024-03-12 00:08:55.789000,"5,15974043943369",0
837,74000,Heavy Duty Aluminum Hat,L,2021-01-02 04:56:28.961000,"8,86304629897224",0
838,87000,Enormous Linen Lamp,XXL,2024-11-27 18:19:22.339000,"5,24936570853181",0
839,70000,Ergonomic Linen Lamp,XL,2020-06-02 22:50:28.923000,"5,52781502997251",0
840,91000,Intelligent Copper Bag,M,2023-12-31 23:21:47.663000,"8,49988987797316",0
841,91000,Aerodynamic Concrete Keyboard,L,2023-08-08 06:30:07.961000,"4,81376107863896",0
842,74000,Gorgeous Linen Coat,XL,2020-10-30 21:21:53.563000,"6,91450818320155",0
843,95000,Incredible Cotton Coat,M,2022-03-11 06:31:04.716000,"0,443428684149066",0
844,96000,Mediocre Cotton Shirt,XS,2021-03-25 12:21:34.080000,"6,06162382427458",0
845,77000,Gorgeous Leather Coat,XL,2021-10-07 11:59:34.504000,"9,98650242883289",0
846,94000,Gorgeous Iron Car,M,2021-11-28 05:19:03.927000,"8,72134545022662",0
847,75000,Incredible Paper Hat,XXS,2024-01-21 21:15:55.786000,"1,18603583871149",0
848,79000,Gorgeous Granite Computer,XL,2020-11-02 18:33:01.289000,"1,18830659635822",0
849,86000,Heavy Duty Linen Clock,L,2022-05-29 01:11:03.224000,"9,57228254902529",0
850,79000,Gorgeous Plastic Shoes,XXS,2024-01-10 02:08:46.008000,"9,19683213243369",0
851,71000,Small Steel Lamp,L,2022-08-15 07:23:03.193000,"0,412203388254189",0
852,97000,Enormous Cotton Lamp,XL,2024-12-20 16:11:04.403000,"0,391856737384975",0
853,96000,Durable Aluminum Plate,XL,2024-09-21 08:44:14.515000,"3,86486801442092",0
854,78000,Durable Silk Wallet,M,2022-09-23 18:53:48.838000,"2,06880128691463",0
855,96000,Mediocre Aluminum Bottle,M,2021-10-21 08:00:04.843000,"4,53939379664585",0
856,93000,Lightweight Leather Chair,XXS,2022-05-17 23:00:26.141000,"6,67800366435817",0
857,88000,Awesome Paper Clock,XL,2022-04-27 14:22:25.772000,"7,00193501578334",0
858,81000,Practical Silk Pants,L,2024-10-16 22:17:43.314000,"4,01831723060249",0
859,81000,Mediocre Linen Table,L,2020-07-26 22:42:59.583000,"2,65204229157163",0
860,77000,Sleek Bronze Wallet,XXS,2022-04-15 22:58:39.501000,"4,23626921800483",0
861,78000,Enormous Steel Knife,XS,2020-10-25 22:14:42.157000,"3,04426564863118",0
862,84000,Fantastic Steel Coat,M,2020-04-19 22:42:06.842000,"9,8995543332361",0
863,84000,Synergistic Marble Clock,XS,2021-06-02 10:01:40.667000,"7,73059830858855",0
864,86000,Durable Concrete Shoes,XXS,2022-04-27 01:11:18.400000,"6,87511147993184",0
865,99000,Rustic Wool Lamp,XXL,2023-06-30 16:46:01.372000,"1,76289350659084",0
866,98000,Practical Paper Shirt,XS,2022-04-07 15:58:53.514000,"4,30992586659814",0
867,82000,Heavy Duty Marble Bottle,XXL,2023-09-15 06:08:39.841000,"1,0583549732178",0
868,90000,Durable Wooden Bottle,M,2023-04-02 14:23:08.479000,"6,32533103014987",0
869,82000,Lightweight Iron Coat,XXL,2022-06-01 21:15:20.008000,"0,552039120081034",0
870,95000,Mediocre Concrete Wallet,S,2024-11-22 11:10:48.891000,"5,96732534544416",0
871,98000,Heavy Duty Paper Coat,XXS,2020-12-11 15:59:33.422000,"9,08677558252564",0
872,89000,Heavy Duty Aluminum Computer,M,2024-07-03 17:45:55.696000,"5,52583692303881",0
873,98000,Fantastic Marble Plate,M,2022-10-13 08:03:04.656000,"3,07395829600234",0
874,93000,Awesome Linen Computer,L,2020-07-13 01:19:55.610000,"6,51609613517442",0
875,89000,Mediocre Bronze Knife,XL,2020-12-15 13:15:31.665000,"9,5369719750828",0
876,71000,Heavy Duty Iron Lamp,XS,2021-01-24 23:39:42.630000,"7,80717742642632",0
877,73000,Sleek Copper Shirt,XS,2020-07-09 03:54:52.659000,"1,93563276614226",0
878,99000,Rustic Steel Coat,XXS,2021-03-10 12:06:38.760000,"4,96746491904928",0
879,78000,Incredible Linen Gloves,XXS,2024-06-09 21:26:04.935000,"1,16058450927292",0
880,75000,Incredible Plastic Clock,XL,2023-01-29 07:51:58.102000,"0,676777758004272",0
881,91000,Sleek Leather Wallet,XL,2021-12-14 09:59:54.163000,"6,61116656178244",0
882,92000,Synergistic Rubber Gloves,XXL,2021-05-09 01:00:25.561000,"4,54964941542382",0
883,72000,Lightweight Cotton Wallet,XL,2023-06-04 13:23:27.635000,"5,6658508158249",0
884,90000,Intelligent Concrete Watch,L,2024-06-27 04:50:49.702000,"2,90192585464296",0
885,95000,Small Silk Computer,XS,2020-09-15 21:24:39.906000,"3,46540270425817",0
886,78000,Awesome Bronze Hat,XXL,2020-05-21 16:57:59.995000,"4,17014350511402",0
887,89000,Incredible Plastic Bag,S,2023-06-03 23:10:27.548000,"0,839826346664787",0
888,98000,Practical Rubber Watch,XXS,2024-08-01 01:31:44.548000,"8,92772693383832",0
889,92000,Gorgeous Steel Shoes,XXL,2023-11-22 11:52:57.808000,"9,12689116811024",0
890,89000,Gorgeous Marble Shoes,XXS,2022-01-13 13:39:19.476000,"5,06471839100377",0
891,82000,Awesome Linen Plate,XL,2024-09-25 10:47:13.632000,"2,98804031030391",0
892,81000,Durable Rubber Clock,M,2021-09-25 18:28:25.680000,"6,38187981688298",0
893,73000,Enormous Bronze Hat,XXL,2022-01-08 10:50:01.868000,"2,14350059980782",0
894,97000,Synergistic Plastic Wallet,S,2024-07-26 02:20:47.720000,"6,05048588999629",0
895,84000,Lightweight Wool Coat,XXS,2023-02-16 08:54:42.900000,"1,58945252428207",0
896,97000,Fantastic Rubber Lamp,XXL,2021-06-28 18:56:46.998000,"6,2572382010228",0
897,87000,Awesome Rubber Plate,XXL,2021-05-26 04:56:14.934000,"5,39074920001155",0
898,79000,Heavy Duty Iron Plate,XS,2022-10-22 17:02:57.654000,"4,13522528806417",0
899,93000,Enormous Leather Chair,M,2021-03-02 01:27:20.158000,"5,76768190943858",0
900,81000,Synergistic Plastic Watch,XL,2023-08-25 06:01:22.717000,"8,33729887618486",0
901,91000,Lightweight Granite Pants,XXS,2021-01-02 13:33:01.478000,"0,842205391562939",0
902,82000,Mediocre Paper Knife,XXS,2022-01-01 22:37:08.061000,"8,18065173541966",0
903,73000,Sleek Rubber Gloves,XS,2021-03-14 03:06:17.067000,"8,02058888189404",0
904,71000,Incredible Granite Coat,XL,2022-01-24 06:58:30.645000,"1,6059060086249",0
905,70000,Synergistic Silk Bottle,S,2022-01-28 10:46:59.797000,"4,25428981410593",0
906,93000,Aerodynamic Bronze Knife,S,2020-02-15 12:05:24.096000,"1,1878545760221",0
907,81000,Awesome Paper Gloves,XL,2020-04-15 18:17:14.666000,"2,65373656473253",0
908,91000,Ergonomic Steel Knife,M,2022-09-16 23:45:05.328000,"2,8112320038565",0
909,87000,Practical Rubber Chair,L,2023-10-10 14:15:12.874000,"6,30004653893716",0
910,77000,Awesome Marble Coat,XXS,2023-04-13 02:28:48.835000,"8,08732340843313",0
911,77000,Rustic Wooden Bag,XXL,2024-07-15 08:31:42.122000,"8,22077071926938",0
912,88000,Practical Cotton Bag,XS,2023-11-30 23:03:24.175000,"7,10135307815124",0
913,97000,Rustic Concrete Table,XS,2022-02-11 17:03:40.416000,"9,01959577393631",0
914,94000,Enormous Rubber Hat,L,2021-01-23 23:26:52.113000,"6,89663318667285",0
915,80000,Lightweight Cotton Lamp,XS,2022-01-24 05:51:46.704000,"3,51706664170967",0
916,97000,Ergonomic Steel Hat,S,2023-03-07 13:44:53.335000,"4,35140746680251",0
917,77000,Incredible Concrete Table,M,2023-09-13 06:09:17.908000,"8,57822354996532",0
918,75000,Synergistic Silk Lamp,XL,2022-02-03 12:13:31.004000,"7,24287674392963",0
919,85000,Small Steel Table,M,2021-06-24 17:38:43.697000,"0,607250387947574",0
920,82000,Lightweight Copper Knife,M,2022-04-09 18:23:55.840000,"8,47520662362602",0
921,81000,Mediocre Wooden Computer,XXS,2023-01-18 00:19:16.587000,"3,80621072159265",0
922,99000,Practical Wooden Chair,XL,2020-05-17 04:25:17.375000,"8,26659663044884",0
923,76000,Awesome Aluminum Knife,XS,2021-10-20 18:01:51.951000,"8,31753122465572",0
924,90000,Lightweight Rubber Clock,S,2022-10-06 20:16:14.346000,"7,93890541138898",0
925,74000,Sleek Bronze Pants,XS,2024-01-31 06:01:02.305000,"4,20787454841832",0
926,73000,Synergistic Rubber Plate,XS,2024-03-12 16:38:57.891000,"5,47775698367198",0
927,97000,Small Cotton Gloves,XXS,2023-04-21 01:50:26.991000,"1,97985721473973",0
928,88000,Intelligent Cotton Car,L,2024-06-07 06:45:22.348000,"4,86299810893422",0
929,77000,Mediocre Wooden Pants,L,2022-05-28 20:38:25.101000,"5,25302631815076",0
930,91000,Intelligent Silk Clock,XXL,2024-12-26 02:35:15.132000,"6,01770001125995",0
931,93000,Ergonomic Linen Chair,L,2021-06-22 09:34:05.783000,"4,87896224117896",0
932,70000,Incredible Aluminum Coat,M,2023-10-21 22:52:46.505000,"3,4095093948925",0
933,72000,Lightweight Bronze Lamp,L,2021-08-03 22:10:23.056000,"9,0435328470323",0
934,83000,Lightweight Cotton Clock,S,2021-06-12 09:48:57.743000,"1,76870966031863",0
935,81000,Small Concrete Gloves,XS,2021-11-16 19:49:56.261000,"3,6049890475091",0
936,83000,Durable Rubber Gloves,XL,2022-10-15 10:53:02.978000,"7,87513507900826",0
937,83000,Aerodynamic Copper Bench,XXL,2021-11-18 00:13:16.861000,"9,12527763675866",0
938,97000,Small Paper Shoes,S,2021-05-04 20:32:42.130000,"3,85264927677704",0
939,99000,Intelligent Iron Gloves,XXS,2022-12-10 18:15:29.548000,"9,41310014955067",0
940,70000,Lightweight Wool Bottle,L,2021-12-29 02:49:25.826000,"0,153904397149843",0
941,77000,Small Iron Chair,L,2020-12-04 06:45:13.570000,"0,680181983564382",0
942,70000,Durable Iron Watch,L,2023-10-12 23:25:37.551000,"7,69237317764521",0
943,72000,Mediocre Steel Keyboard,M,2021-04-04 08:12:50.217000,"4,9711977902676",0
944,78000,Gorgeous Steel Gloves,XL,2021-03-09 12:41:57.433000,"3,68460132034826",0
945,94000,Incredible Wool Lamp,L,2021-01-21 00:44:06.390000,"7,47531932594899",0
946,85000,Rustic Linen Hat,XS,2022-04-28 14:17:43.462000,"8,50392951509725",0
947,86000,Aerodynamic Plastic Hat,XL,2022-02-10 09:48:27.650000,"7,05153591366391",0
948,94000,Small Silk Bottle,XXL,2023-10-18 17:45:25.449000,"2,04074571340709",0
949,95000,Heavy Duty Wool Clock,S,2023-04-08 12:32:07.324000,"6,41802930752776",0
950,98000,Enormous Linen Gloves,XXL,2023-01-15 05:20:37.806000,"5,85998031506483",0
951,85000,Durable Wooden Coat,XL,2021-04-06 08:13:56.574000,"6,36166546451171",0
952,92000,Sleek Silk Gloves,XXS,2024-11-24 05:00:38.742000,"7,76961268056085",0
953,93000,Intelligent Rubber Table,XL,2024-09-04 09:46:26.708000,"2,51437113096503",0
954,80000,Synergistic Aluminum Car,XS,2024-03-31 15:39:49.432000,"8,80948770861074",0
955,76000,Fantastic Bronze Bottle,S,2021-09-07 02:27:20.768000,"4,91325243222236",0
956,79000,Aerodynamic Marble Gloves,S,2022-05-24 15:20:45.918000,"6,31078894067928",0
957,90000,Synergistic Linen Car,XS,2024-03-08 05:25:38.433000,"0,492660619777882",0
958,70000,Incredible Marble Bottle,XXL,2024-12-10 22:41:51.536000,"5,37504716782306",0
959,91000,Aerodynamic Plastic Knife,XXS,2022-02-09 10:36:15.870000,"8,86984540648004",0
960,76000,Enormous Aluminum Lamp,XL,2023-01-15 17:53:40.644000,"0,850440529262316",0
961,98000,Ergonomic Iron Coat,L,2022-11-09 16:35:01.973000,"6,86614496056894",0
962,90000,Lightweight Granite Lamp,XXL,2023-04-15 21:53:36.672000,"7,21945730777713",0
963,79000,Aerodynamic Wool Watch,XL,2022-06-06 06:39:02.399000,"9,56674677072902",0
964,79000,Incredible Iron Table,XS,2021-11-21 03:24:55.178000,"2,47101759521772",0
965,99000,Mediocre Plastic Watch,S,2020-05-25 04:14:27.418000,"6,93319764248055",0
966,70000,Awesome Leather Hat,XL,2021-08-23 02:35:26.483000,"5,41368737523391",0
967,77000,Mediocre Linen Bench,XS,2021-04-05 05:03:57.458000,"5,26108690914117",0
968,71000,Incredible Copper Bench,XL,2020-06-21 18:34:18.874000,"1,76330071884792",0
969,77000,Durable Linen Coat,XS,2023-04-19 12:22:20.378000,"0,110415135230983",0
970,77000,Small Silk Coat,L,2021-03-19 09:34:19.666000,"5,41519027134",0
971,94000,Aerodynamic Wooden Wallet,XL,2021-07-22 04:31:21.194000,"6,51942212550497",0
972,89000,Rustic Granite Hat,L,2023-10-28 23:50:39.233000,"2,80131154109461",0
973,73000,Mediocre Concrete Car,L,2024-12-09 20:12:11.503000,"7,85016218351228",0
974,89000,Awesome Wool Lamp,XXS,2023-05-28 07:43:00.174000,"5,21464659144303",0
975,99000,Enormous Wool Watch,M,2020-06-04 05:18:52.342000,"5,83197605149489",0
976,90000,Mediocre Leather Gloves,L,2021-01-03 03:48:30.457000,"3,05767701202683",0
977,78000,Durable Silk Chair,XL,2023-10-18 14:34:41.638000,"0,250397986686734",0
978,92000,Fantastic Linen Lamp,L,2024-09-12 07:20:10.843000,"0,548005608732548",0
979,81000,Intelligent Marble Computer,XS,2023-09-09 19:19:29.373000,"8,78682554658694",0
980,73000,Durable Silk Pants,XL,2023-01-31 09:57:51.072000,"6,19518925468135",0
981,73000,Aerodynamic Wool Watch,XXS,2024-11-04 10:46:01.165000,"5,53376726599674",0
982,92000,Fantastic Marble Lamp,XXL,2022-03-03 19:51:55.669000,"3,26725070570174",0
983,71000,Mediocre Concrete Clock,S,2021-11-05 04:41:26.104000,"4,63843397383358",0
984,75000,Sleek Plastic Keyboard,L,2022-06-27 16:20:23.626000,"1,37248011953456",0
985,86000,Incredible Concrete Wallet,S,2022-03-24 18:53:32.572000,"7,63408646757009",0
986,79000,Aerodynamic Paper Clock,XL,2023-05-05 20:37:13.762000,"7,6230945254027",0
987,81000,Aerodynamic Plastic Table,M,2021-04-30 22:47:18.056000,"8,96649636922535",0
988,85000,Small Granite Chair,M,2024-06-03 07:22:19.888000,"6,22964643176576",0
989,82000,Enormous Rubber Shirt,XL,2022-09-10 07:31:25.568000,"5,68108168629805",0
990,98000,Practical Cotton Bench,XXS,2023-01-10 22:40:30.355000,"6,25385391718123",0
991,81000,Enormous Leather Coat,XXS,2022-02-13 17:45:53.143000,"2,00541155237972",0
992,86000,Practical Wool Bottle,XS,2024-02-29 21:55:49.731000,"3,69038164552709",0
993,81000,Heavy Duty Silk Bottle,L,2022-11-16 09:55:52.515000,"6,40940565956653",0
994,85000,Gorgeous Silk Plate,XXL,2023-12-07 03:24:14.887000,"2,26300239895943",0
995,71000,Fantastic Granite Shoes,M,2021-01-31 16:00:30.411000,"3,20319857878449",0
996,81000,Fantastic Steel Bottle,S,2020-08-17 09:48:15.969000,"6,62023608935377",0
997,71000,Awesome Wool Bench,XL,2020-12-24 18:59:29.111000,"6,08883804594018",0
998,93000,Rustic Wool Coat,XXL,2023-06-10 02:03:51.981000,"8,48228876205828",0
999,78000,Practical Silk Clock,M,2023-05-30 01:52:29.669000,"2,16179460368111",0
1000,77000,Intelligent Cotton Computer,L,2021-11-15 01:25:23.011000,"7,37871608952314",0
